_id,usuario,proveedor,almacen,total,tipo,codigo,estado,createdAT,__v
68530efd84273ee859708282,6852e2b9408bcbf69818d9ca,6852dbf5c4a6f8d1a81074f9,6852dbf5c4a6f8d1a81074f7,5241,Compra,1,Confirmado,2024-07-11T12:53:06.000Z,0
68530efd84273ee8597082ad,6852e2b9408bcbf69818d9ca,6852dbf5c4a6f8d1a81074f9,6852dbf5c4a6f8d1a81074f7,520,Compra,2,Confirmado,2024-07-18T12:31:47.000Z,0
68530efd84273ee8597082b8,6852e2b9408bcbf69818d9ca,6852dbf5c4a6f8d1a81074f9,6852dbf5c4a6f8d1a81074f7,4209,Compra,3,Confirmado,2024-07-30T14:40:11.000Z,0
68530efd84273ee8597082dd,6852e2b9408bcbf69818d9ca,6852dbf5c4a6f8d1a81074f9,6852dbf5c4a6f8d1a81074f7,934,Compra,4,Confirmado,2024-07-26T14:07:29.000Z,0
68530efd84273ee8597082e9,6852e2b9408bcbf69818d9ca,6852dbf5c4a6f8d1a81074f9,6852dbf5c4a6f8d1a81074f7,973,Compra,5,Confirmado,2024-07-08T14:43:09.000Z,0
68530efd84273ee8597082f1,6852e2b9408bcbf69818d9ca,6852dbf5c4a6f8d1a81074f9,6852dbf5c4a6f8d1a81074f7,3120,Compra,6,Confirmado,2024-07-01T12:59:21.000Z,0
68530efe84273ee85970830e,6852e2b9408bcbf69818d9ca,6852dbf5c4a6f8d1a81074f9,6852dbf5c4a6f8d1a81074f7,1560,Compra,7,Confirmado,2024-07-10T15:32:42.000Z,0
68530efe84273ee85970831c,6852e2b9408bcbf69818d9ca,6852dbf5c4a6f8d1a81074f9,6852dbf5c4a6f8d1a81074f7,408,Compra,8,Confirmado,2024-07-08T08:58:39.000Z,0
68530efe84273ee859708329,6852e2b9408bcbf69818d9ca,6852dbf5c4a6f8d1a81074f9,6852dbf5c4a6f8d1a81074f7,2374,Compra,9,Confirmado,2024-07-03T10:50:21.000Z,0
68530efe84273ee85970833d,6852e2b9408bcbf69818d9ca,6852dbf5c4a6f8d1a81074f9,6852dbf5c4a6f8d1a81074f7,1833,Compra,10,Confirmado,2024-07-01T11:06:09.000Z,0
68530efe84273ee85970834b,6852e2b9408bcbf69818d9ca,6852dbf5c4a6f8d1a81074f9,6852dbf5c4a6f8d1a81074f7,680,Compra,11,Confirmado,2024-07-01T08:27:38.000Z,0
68530efe84273ee859708351,6852e2b9408bcbf69818d9ca,6852dbf5c4a6f8d1a81074f9,6852dbf5c4a6f8d1a81074f7,871,Compra,12,Confirmado,2024-07-11T09:53:46.000Z,0
68530efe84273ee85970835f,6852e2b9408bcbf69818d9ca,6852dbf5c4a6f8d1a81074f9,6852dbf5c4a6f8d1a81074f7,486,Compra,13,Confirmado,2024-07-19T10:59:38.000Z,0
68530efe84273ee859708366,6852e2b9408bcbf69818d9ca,6852dbf5c4a6f8d1a81074f9,6852dbf5c4a6f8d1a81074f7,498,Compra,14,Confirmado,2024-07-24T16:36:46.000Z,0
68530efe84273ee85970836d,6852e2b9408bcbf69818d9ca,6852dbf5c4a6f8d1a81074f9,6852dbf5c4a6f8d1a81074f7,853,Compra,15,Confirmado,2024-07-05T09:30:09.000Z,0
68530efe84273ee85970837e,6852e2b9408bcbf69818d9ca,6852dbf5c4a6f8d1a81074f9,6852dbf5c4a6f8d1a81074f7,1107,Compra,16,Confirmado,2024-07-03T15:39:45.000Z,0
68530efe84273ee859708388,6852e2b9408bcbf69818d9ca,6852dbf5c4a6f8d1a81074f9,6852dbf5c4a6f8d1a81074f7,2590,Compra,17,Confirmado,2024-07-30T11:04:03.000Z,0
68530efe84273ee85970839e,6852e2b9408bcbf69818d9ca,6852dbf5c4a6f8d1a81074f9,6852dbf5c4a6f8d1a81074f7,2516,Compra,18,Confirmado,2024-07-18T15:22:21.000Z,0
68530efe84273ee8597083b3,6852e2b9408bcbf69818d9ca,6852dbf5c4a6f8d1a81074f9,6852dbf5c4a6f8d1a81074f7,343,Compra,19,Confirmado,2024-07-12T10:07:37.000Z,0
68530efe84273ee8597083bb,6852e2b9408bcbf69818d9ca,6852dbf5c4a6f8d1a81074f9,6852dbf5c4a6f8d1a81074f7,3046,Compra,20,Confirmado,2024-07-16T13:29:52.000Z,0
68530efe84273ee8597083d3,6852e2b9408bcbf69818d9ca,6852dbf5c4a6f8d1a81074f9,6852dbf5c4a6f8d1a81074f7,852,Compra,21,Confirmado,2024-07-17T09:43:50.000Z,0
68530efe84273ee8597083e0,6852e2b9408bcbf69818d9ca,6852dbf5c4a6f8d1a81074f9,6852dbf5c4a6f8d1a81074f7,384,Compra,22,Confirmado,2024-07-16T08:49:04.000Z,0
68530efe84273ee8597083e7,6852e2b9408bcbf69818d9ca,6852dbf5c4a6f8d1a81074f9,6852dbf5c4a6f8d1a81074f7,1066,Compra,23,Confirmado,2024-07-24T16:16:54.000Z,0
68530efe84273ee8597083f5,6852e2b9408bcbf69818d9ca,6852dbf5c4a6f8d1a81074f9,6852dbf5c4a6f8d1a81074f7,1518,Compra,24,Confirmado,2024-07-08T14:45:42.000Z,0
68530efe84273ee859708401,6852e2b9408bcbf69818d9ca,6852dbf5c4a6f8d1a81074f9,6852dbf5c4a6f8d1a81074f7,1692,Compra,25,Confirmado,2024-07-22T14:47:29.000Z,0
68530efe84273ee85970841a,6852e2b9408bcbf69818d9ca,6852dbf5c4a6f8d1a81074f9,6852dbf5c4a6f8d1a81074f7,1430,Compra,26,Confirmado,2024-07-04T16:29:20.000Z,0
68530efe84273ee859708425,6852e2b9408bcbf69818d9ca,6852dbf5c4a6f8d1a81074f9,6852dbf5c4a6f8d1a81074f7,1200,Compra,27,Confirmado,2024-07-04T17:56:47.000Z,0
68530efe84273ee85970842e,6852e2b9408bcbf69818d9ca,6852dbf5c4a6f8d1a81074f9,6852dbf5c4a6f8d1a81074f7,1050,Compra,28,Confirmado,2024-07-18T09:02:26.000Z,0
68530efe84273ee85970843e,6852e2b9408bcbf69818d9ca,6852dbf5c4a6f8d1a81074f9,6852dbf5c4a6f8d1a81074f7,2244,Compra,29,Confirmado,2024-07-30T12:58:24.000Z,0
68530efe84273ee85970844e,6852e2b9408bcbf69818d9ca,6852dbf5c4a6f8d1a81074f9,6852dbf5c4a6f8d1a81074f7,3253,Compra,30,Confirmado,2024-07-22T12:01:02.000Z,0
68530efe84273ee859708475,6852e2b9408bcbf69818d9ca,6852dbf5c4a6f8d1a81074f9,6852dbf5c4a6f8d1a81074f7,1192,Compra,31,Confirmado,2024-07-24T14:55:20.000Z,0
68530efe84273ee85970847e,6852e2b9408bcbf69818d9ca,6852dbf5c4a6f8d1a81074f9,6852dbf5c4a6f8d1a81074f7,704,Compra,32,Confirmado,2024-07-30T16:45:17.000Z,0
68530efe84273ee859708487,6852e2b9408bcbf69818d9ca,6852dbf5c4a6f8d1a81074f9,6852dbf5c4a6f8d1a81074f7,837,Compra,33,Confirmado,2024-07-15T11:37:49.000Z,0
68530efe84273ee859708491,6852e2b9408bcbf69818d9ca,6852dbf5c4a6f8d1a81074f9,6852dbf5c4a6f8d1a81074f7,832,Compra,34,Confirmado,2024-07-11T08:54:52.000Z,0
68530efe84273ee85970849f,6852e2b9408bcbf69818d9ca,6852dbf5c4a6f8d1a81074f9,6852dbf5c4a6f8d1a81074f7,931,Compra,35,Confirmado,2024-07-08T11:07:51.000Z,0
68530efe84273ee8597084a7,6852e2b9408bcbf69818d9ca,6852dbf5c4a6f8d1a81074f9,6852dbf5c4a6f8d1a81074f7,1144,Compra,36,Confirmado,2024-07-08T15:44:16.000Z,0
68530efe84273ee8597084b5,6852e2b9408bcbf69818d9ca,6852dbf5c4a6f8d1a81074f9,6852dbf5c4a6f8d1a81074f7,2646,Compra,37,Confirmado,2024-07-31T13:42:02.000Z,0
68530efe84273ee8597084d3,6852e2b9408bcbf69818d9ca,6852dbf5c4a6f8d1a81074f9,6852dbf5c4a6f8d1a81074f7,1080,Compra,38,Confirmado,2024-07-04T10:27:55.000Z,0
68530efe84273ee8597084e0,6852e2b9408bcbf69818d9ca,6852dbf5c4a6f8d1a81074f9,6852dbf5c4a6f8d1a81074f7,2366,Compra,39,Confirmado,2024-07-10T16:22:30.000Z,0
68530efe84273ee8597084fe,6852e2b9408bcbf69818d9ca,6852dbf5c4a6f8d1a81074f9,6852dbf5c4a6f8d1a81074f7,655,Compra,40,Confirmado,2024-07-22T13:31:03.000Z,0
68530efe84273ee859708504,6852e2b9408bcbf69818d9ca,6852dbf5c4a6f8d1a81074f9,6852dbf5c4a6f8d1a81074f7,5053,Compra,41,Confirmado,2024-07-29T11:21:48.000Z,0
68530efe84273ee85970852a,6852e2b9408bcbf69818d9ca,6852dbf5c4a6f8d1a81074f9,6852dbf5c4a6f8d1a81074f7,3658,Compra,42,Confirmado,2024-07-11T11:54:38.000Z,0
68530efe84273ee859708547,6852e2b9408bcbf69818d9ca,6852dbf5c4a6f8d1a81074f9,6852dbf5c4a6f8d1a81074f7,594,Compra,43,Confirmado,2024-07-11T09:39:29.000Z,0
68530efe84273ee85970854e,6852e2b9408bcbf69818d9ca,6852dbf5c4a6f8d1a81074f9,6852dbf5c4a6f8d1a81074f7,496,Compra,44,Confirmado,2024-07-15T13:18:04.000Z,0
68530efe84273ee859708557,6852e2b9408bcbf69818d9ca,6852dbf5c4a6f8d1a81074f9,6852dbf5c4a6f8d1a81074f7,2264,Compra,45,Confirmado,2024-07-11T13:46:52.000Z,0
68530efe84273ee859708571,6852e2b9408bcbf69818d9ca,6852dbf5c4a6f8d1a81074f9,6852dbf5c4a6f8d1a81074f7,4791,Compra,46,Confirmado,2024-07-10T15:47:23.000Z,0
68530efe84273ee859708599,6852e2b9408bcbf69818d9ca,6852dbf5c4a6f8d1a81074f9,6852dbf5c4a6f8d1a81074f7,505,Compra,47,Confirmado,2024-07-12T11:10:33.000Z,0
68530efe84273ee85970859f,6852e2b9408bcbf69818d9ca,6852dbf5c4a6f8d1a81074f9,6852dbf5c4a6f8d1a81074f7,1428,Compra,48,Confirmado,2024-07-19T08:00:48.000Z,0
68530efe84273ee8597085b5,6852e2b9408bcbf69818d9ca,6852dbf5c4a6f8d1a81074f9,6852dbf5c4a6f8d1a81074f7,260,Compra,49,Confirmado,2024-07-22T13:45:17.000Z,0
68530efe84273ee8597085bb,6852e2b9408bcbf69818d9ca,6852dbf5c4a6f8d1a81074f9,6852dbf5c4a6f8d1a81074f7,2629,Compra,50,Confirmado,2024-07-30T15:50:35.000Z,0
68530efe84273ee8597085dc,6852e2b9408bcbf69818d9ca,6852dbf5c4a6f8d1a81074f9,6852dbf5c4a6f8d1a81074f7,2376,Compra,51,Confirmado,2024-07-02T12:17:44.000Z,0
68530efe84273ee8597085f1,6852e2b9408bcbf69818d9ca,6852dbf5c4a6f8d1a81074f9,6852dbf5c4a6f8d1a81074f7,350,Compra,52,Confirmado,2024-07-30T09:17:37.000Z,0
68530efe84273ee8597085f9,6852e2b9408bcbf69818d9ca,6852dbf5c4a6f8d1a81074f9,6852dbf5c4a6f8d1a81074f7,742,Compra,53,Confirmado,2024-07-26T17:13:05.000Z,0
68530efe84273ee859708608,6852e2b9408bcbf69818d9ca,6852dbf5c4a6f8d1a81074f9,6852dbf5c4a6f8d1a81074f7,3289,Compra,54,Confirmado,2024-08-15T13:04:41.000Z,0
68530efe84273ee859708640,6852e2b9408bcbf69818d9ca,6852dbf5c4a6f8d1a81074f9,6852dbf5c4a6f8d1a81074f7,4172,Compra,55,Confirmado,2024-08-13T15:48:53.000Z,0
68530efe84273ee85970865d,6852e2b9408bcbf69818d9ca,6852dbf5c4a6f8d1a81074f9,6852dbf5c4a6f8d1a81074f7,1568,Compra,56,Confirmado,2024-08-19T10:38:24.000Z,0
68530efe84273ee85970867a,6852e2b9408bcbf69818d9ca,6852dbf5c4a6f8d1a81074f9,6852dbf5c4a6f8d1a81074f7,7580,Compra,57,Confirmado,2024-08-30T10:07:30.000Z,0
68530efe84273ee8597086af,6852e2b9408bcbf69818d9ca,6852dbf5c4a6f8d1a81074f9,6852dbf5c4a6f8d1a81074f7,4365,Compra,58,Confirmado,2024-08-20T10:18:28.000Z,0
68530efe84273ee8597086dd,6852e2b9408bcbf69818d9ca,6852dbf5c4a6f8d1a81074f9,6852dbf5c4a6f8d1a81074f7,5524,Compra,59,Confirmado,2024-08-06T15:07:43.000Z,0
68530efe84273ee859708727,6852e2b9408bcbf69818d9ca,6852dbf5c4a6f8d1a81074f9,6852dbf5c4a6f8d1a81074f7,11910,Compra,60,Confirmado,2024-08-19T16:37:37.000Z,0
68530efe84273ee859708773,6852e2b9408bcbf69818d9ca,6852dbf5c4a6f8d1a81074f9,6852dbf5c4a6f8d1a81074f7,5208,Compra,61,Confirmado,2024-08-06T09:52:16.000Z,0
68530efe84273ee85970879e,6852e2b9408bcbf69818d9ca,6852dbf5c4a6f8d1a81074f9,6852dbf5c4a6f8d1a81074f7,6284,Compra,62,Confirmado,2024-08-13T17:01:35.000Z,0
68530efe84273ee859708807,6852e2b9408bcbf69818d9ca,6852dbf5c4a6f8d1a81074f9,6852dbf5c4a6f8d1a81074f7,8367,Compra,63,Confirmado,2024-08-23T08:10:42.000Z,0
68530efe84273ee859708877,6852e2b9408bcbf69818d9ca,6852dbf5c4a6f8d1a81074f9,6852dbf5c4a6f8d1a81074f7,8050,Compra,64,Confirmado,2024-08-07T08:01:10.000Z,0
68530efe84273ee8597088b5,6852e2b9408bcbf69818d9ca,6852dbf5c4a6f8d1a81074f9,6852dbf5c4a6f8d1a81074f7,1992,Compra,65,Confirmado,2024-08-02T14:22:37.000Z,0
68530efe84273ee8597088ce,6852e2b9408bcbf69818d9ca,6852dbf5c4a6f8d1a81074f9,6852dbf5c4a6f8d1a81074f7,5858,Compra,66,Confirmado,2024-08-12T10:29:59.000Z,0
68530efe84273ee859708942,6852e2b9408bcbf69818d9ca,6852dbf5c4a6f8d1a81074f9,6852dbf5c4a6f8d1a81074f7,6189,Compra,67,Confirmado,2024-08-19T15:33:48.000Z,0
68530efe84273ee85970898a,6852e2b9408bcbf69818d9ca,6852dbf5c4a6f8d1a81074f9,6852dbf5c4a6f8d1a81074f7,9123,Compra,68,Confirmado,2024-08-06T08:01:37.000Z,0
68530efe84273ee8597089c8,6852e2b9408bcbf69818d9ca,6852dbf5c4a6f8d1a81074f9,6852dbf5c4a6f8d1a81074f7,3472,Compra,69,Confirmado,2024-08-14T11:22:21.000Z,0
68530efe84273ee859708a01,6852e2b9408bcbf69818d9ca,6852dbf5c4a6f8d1a81074f9,6852dbf5c4a6f8d1a81074f7,1650,Compra,70,Confirmado,2024-08-16T16:42:52.000Z,0
68530efe84273ee859708a23,6852e2b9408bcbf69818d9ca,6852dbf5c4a6f8d1a81074f9,6852dbf5c4a6f8d1a81074f7,4640,Compra,71,Confirmado,2024-08-22T08:12:56.000Z,0
68530efe84273ee859708a70,6852e2b9408bcbf69818d9ca,6852dbf5c4a6f8d1a81074f9,6852dbf5c4a6f8d1a81074f7,4938,Compra,72,Confirmado,2024-08-15T17:10:03.000Z,0
68530efe84273ee859708aad,6852e2b9408bcbf69818d9ca,6852dbf5c4a6f8d1a81074f9,6852dbf5c4a6f8d1a81074f7,10985,Compra,73,Confirmado,2024-08-22T16:41:04.000Z,0
68530efe84273ee859708af2,6852e2b9408bcbf69818d9ca,6852dbf5c4a6f8d1a81074f9,6852dbf5c4a6f8d1a81074f7,4560,Compra,74,Confirmado,2024-08-22T14:41:19.000Z,0
68530efe84273ee859708b11,6852e2b9408bcbf69818d9ca,6852dbf5c4a6f8d1a81074f9,6852dbf5c4a6f8d1a81074f7,2196,Compra,75,Confirmado,2024-08-12T10:36:49.000Z,0
68530efe84273ee859708b36,6852e2b9408bcbf69818d9ca,6852dbf5c4a6f8d1a81074f9,6852dbf5c4a6f8d1a81074f7,3170,Compra,76,Confirmado,2024-08-21T10:22:23.000Z,0
68530efe84273ee859708b66,6852e2b9408bcbf69818d9ca,6852dbf5c4a6f8d1a81074f9,6852dbf5c4a6f8d1a81074f7,7328,Compra,77,Confirmado,2024-08-30T10:29:49.000Z,0
68530efe84273ee859708bc5,6852e2b9408bcbf69818d9ca,6852dbf5c4a6f8d1a81074f9,6852dbf5c4a6f8d1a81074f7,9567,Compra,78,Confirmado,2024-08-12T15:15:30.000Z,0
68530efe84273ee859708c12,6852e2b9408bcbf69818d9ca,6852dbf5c4a6f8d1a81074f9,6852dbf5c4a6f8d1a81074f7,6868,Compra,79,Confirmado,2024-08-27T14:21:09.000Z,0
68530efe84273ee859708c69,6852e2b9408bcbf69818d9ca,6852dbf5c4a6f8d1a81074f9,6852dbf5c4a6f8d1a81074f7,4715,Compra,80,Confirmado,2024-08-21T16:25:36.000Z,0
68530efe84273ee859708ca4,6852e2b9408bcbf69818d9ca,6852dbf5c4a6f8d1a81074f9,6852dbf5c4a6f8d1a81074f7,13316,Compra,81,Confirmado,2024-08-16T14:06:44.000Z,0
68530efe84273ee859708d11,6852e2b9408bcbf69818d9ca,6852dbf5c4a6f8d1a81074f9,6852dbf5c4a6f8d1a81074f7,3199,Compra,82,Confirmado,2024-08-29T13:42:57.000Z,0
68530efe84273ee859708d49,6852e2b9408bcbf69818d9ca,6852dbf5c4a6f8d1a81074f9,6852dbf5c4a6f8d1a81074f7,9187,Compra,83,Confirmado,2024-08-28T13:47:59.000Z,0
68530efe84273ee859708d8a,6852e2b9408bcbf69818d9ca,6852dbf5c4a6f8d1a81074f9,6852dbf5c4a6f8d1a81074f7,3698,Compra,84,Confirmado,2024-08-08T16:51:05.000Z,0
68530efe84273ee859708db6,6852e2b9408bcbf69818d9ca,6852dbf5c4a6f8d1a81074f9,6852dbf5c4a6f8d1a81074f7,3058,Compra,85,Confirmado,2024-08-19T14:21:00.000Z,0
68530efe84273ee859708dee,6852e2b9408bcbf69818d9ca,6852dbf5c4a6f8d1a81074f9,6852dbf5c4a6f8d1a81074f7,2560,Compra,86,Confirmado,2024-08-09T16:15:35.000Z,0
68530eff84273ee859708e17,6852e2b9408bcbf69818d9ca,6852dbf5c4a6f8d1a81074f9,6852dbf5c4a6f8d1a81074f7,1665,Compra,87,Confirmado,2024-08-22T11:00:26.000Z,0
68530eff84273ee859708e3d,6852e2b9408bcbf69818d9ca,6852dbf5c4a6f8d1a81074f9,6852dbf5c4a6f8d1a81074f7,4473,Compra,88,Confirmado,2024-08-20T16:47:18.000Z,0
68530eff84273ee859708e97,6852e2b9408bcbf69818d9ca,6852dbf5c4a6f8d1a81074f9,6852dbf5c4a6f8d1a81074f7,3960,Compra,89,Confirmado,2024-08-13T13:55:35.000Z,0
68530eff84273ee859708eb6,6852e2b9408bcbf69818d9ca,6852dbf5c4a6f8d1a81074f9,6852dbf5c4a6f8d1a81074f7,14204,Compra,90,Confirmado,2024-08-27T15:10:25.000Z,0
68530eff84273ee859708f0f,6852e2b9408bcbf69818d9ca,6852dbf5c4a6f8d1a81074f9,6852dbf5c4a6f8d1a81074f7,1517,Compra,91,Confirmado,2024-08-19T17:22:55.000Z,0
68530eff84273ee859708f35,6852e2b9408bcbf69818d9ca,6852dbf5c4a6f8d1a81074f9,6852dbf5c4a6f8d1a81074f7,1653,Compra,92,Confirmado,2024-08-09T17:21:04.000Z,0
68530eff84273ee859708f56,6852e2b9408bcbf69818d9ca,6852dbf5c4a6f8d1a81074f9,6852dbf5c4a6f8d1a81074f7,3154,Compra,93,Confirmado,2024-08-13T14:21:34.000Z,0
68530eff84273ee859708f82,6852e2b9408bcbf69818d9ca,6852dbf5c4a6f8d1a81074f9,6852dbf5c4a6f8d1a81074f7,2547,Compra,94,Confirmado,2024-08-01T13:00:35.000Z,0
68530eff84273ee859708fa5,6852e2b9408bcbf69818d9ca,6852dbf5c4a6f8d1a81074f9,6852dbf5c4a6f8d1a81074f7,2606,Compra,95,Confirmado,2024-08-07T15:22:28.000Z,0
68530eff84273ee859708fcc,6852e2b9408bcbf69818d9ca,6852dbf5c4a6f8d1a81074f9,6852dbf5c4a6f8d1a81074f7,1536,Compra,96,Confirmado,2024-08-02T11:17:57.000Z,0
68530eff84273ee859708fdd,6852e2b9408bcbf69818d9ca,6852dbf5c4a6f8d1a81074f9,6852dbf5c4a6f8d1a81074f7,3014,Compra,97,Confirmado,2024-08-21T10:10:34.000Z,0
68530eff84273ee859709000,6852e2b9408bcbf69818d9ca,6852dbf5c4a6f8d1a81074f9,6852dbf5c4a6f8d1a81074f7,4844,Compra,98,Confirmado,2024-08-12T14:49:54.000Z,0
68530eff84273ee859709030,6852e2b9408bcbf69818d9ca,6852dbf5c4a6f8d1a81074f9,6852dbf5c4a6f8d1a81074f7,1965,Compra,99,Confirmado,2024-08-06T15:55:05.000Z,0
68530eff84273ee85970904c,6852e2b9408bcbf69818d9ca,6852dbf5c4a6f8d1a81074f9,6852dbf5c4a6f8d1a81074f7,2499,Compra,100,Confirmado,2024-08-01T17:55:18.000Z,0
68530eff84273ee859709062,6852e2b9408bcbf69818d9ca,6852dbf5c4a6f8d1a81074f9,6852dbf5c4a6f8d1a81074f7,4114,Compra,101,Confirmado,2024-08-20T14:34:28.000Z,0
68530eff84273ee859709088,6852e2b9408bcbf69818d9ca,6852dbf5c4a6f8d1a81074f9,6852dbf5c4a6f8d1a81074f7,4410,Compra,102,Confirmado,2024-08-08T13:44:25.000Z,0
68530eff84273ee8597090a8,6852e2b9408bcbf69818d9ca,6852dbf5c4a6f8d1a81074f9,6852dbf5c4a6f8d1a81074f7,1395,Compra,103,Confirmado,2024-08-01T09:27:50.000Z,0
68530eff84273ee8597090b8,6852e2b9408bcbf69818d9ca,6852dbf5c4a6f8d1a81074f9,6852dbf5c4a6f8d1a81074f7,3448,Compra,104,Confirmado,2024-08-22T16:24:35.000Z,0
68530eff84273ee8597090d5,6852e2b9408bcbf69818d9ca,6852dbf5c4a6f8d1a81074f9,6852dbf5c4a6f8d1a81074f7,546,Compra,105,Confirmado,2024-08-07T16:21:43.000Z,0
68530eff84273ee8597090dd,6852e2b9408bcbf69818d9ca,6852dbf5c4a6f8d1a81074f9,6852dbf5c4a6f8d1a81074f7,1030,Compra,106,Confirmado,2024-08-19T17:55:27.000Z,0
68530eff84273ee8597090f1,6852e2b9408bcbf69818d9ca,6852dbf5c4a6f8d1a81074f9,6852dbf5c4a6f8d1a81074f7,3426,Compra,107,Confirmado,2024-08-26T15:39:17.000Z,0
68530eff84273ee859709121,6852e2b9408bcbf69818d9ca,6852dbf5c4a6f8d1a81074f9,6852dbf5c4a6f8d1a81074f7,3936,Compra,108,Confirmado,2024-08-14T08:39:43.000Z,0
68530eff84273ee859709142,6852e2b9408bcbf69818d9ca,6852dbf5c4a6f8d1a81074f9,6852dbf5c4a6f8d1a81074f7,3835,Compra,109,Confirmado,2024-08-28T11:29:14.000Z,0
68530eff84273ee85970916b,6852e2b9408bcbf69818d9ca,6852dbf5c4a6f8d1a81074f9,6852dbf5c4a6f8d1a81074f7,864,Compra,110,Confirmado,2024-08-28T13:38:14.000Z,0
68530eff84273ee859709178,6852e2b9408bcbf69818d9ca,6852dbf5c4a6f8d1a81074f9,6852dbf5c4a6f8d1a81074f7,2292,Compra,111,Confirmado,2024-08-28T13:48:44.000Z,0
68530eff84273ee8597091a5,6852e2b9408bcbf69818d9ca,6852dbf5c4a6f8d1a81074f9,6852dbf5c4a6f8d1a81074f7,2124,Compra,112,Confirmado,2024-08-29T15:06:02.000Z,0
68530eff84273ee8597091b2,6852e2b9408bcbf69818d9ca,6852dbf5c4a6f8d1a81074f9,6852dbf5c4a6f8d1a81074f7,2344,Compra,113,Confirmado,2024-08-16T08:58:57.000Z,0
68530eff84273ee8597091c7,6852e2b9408bcbf69818d9ca,6852dbf5c4a6f8d1a81074f9,6852dbf5c4a6f8d1a81074f7,1261,Compra,114,Confirmado,2024-08-09T14:33:49.000Z,0
68530eff84273ee8597091d5,6852e2b9408bcbf69818d9ca,6852dbf5c4a6f8d1a81074f9,6852dbf5c4a6f8d1a81074f7,4502,Compra,115,Confirmado,2024-08-01T15:00:30.000Z,0
68530eff84273ee8597091ff,6852e2b9408bcbf69818d9ca,6852dbf5c4a6f8d1a81074f9,6852dbf5c4a6f8d1a81074f7,1800,Compra,116,Confirmado,2024-08-23T13:57:08.000Z,0
68530eff84273ee859709212,6852e2b9408bcbf69818d9ca,6852dbf5c4a6f8d1a81074f9,6852dbf5c4a6f8d1a81074f7,1804,Compra,117,Confirmado,2024-08-23T17:25:30.000Z,0
68530eff84273ee859709229,6852e2b9408bcbf69818d9ca,6852dbf5c4a6f8d1a81074f9,6852dbf5c4a6f8d1a81074f7,1584,Compra,118,Confirmado,2024-08-28T11:12:40.000Z,0
68530eff84273ee859709236,6852e2b9408bcbf69818d9ca,6852dbf5c4a6f8d1a81074f9,6852dbf5c4a6f8d1a81074f7,1767,Compra,119,Confirmado,2024-08-29T17:48:16.000Z,0
68530eff84273ee85970924a,6852e2b9408bcbf69818d9ca,6852dbf5c4a6f8d1a81074f9,6852dbf5c4a6f8d1a81074f7,1352,Compra,120,Confirmado,2024-08-09T10:49:14.000Z,0
68530eff84273ee859709258,6852e2b9408bcbf69818d9ca,6852dbf5c4a6f8d1a81074f9,6852dbf5c4a6f8d1a81074f7,1463,Compra,121,Confirmado,2024-08-23T14:28:26.000Z,0
68530eff84273ee85970926c,6852e2b9408bcbf69818d9ca,6852dbf5c4a6f8d1a81074f9,6852dbf5c4a6f8d1a81074f7,4154,Compra,122,Confirmado,2024-09-26T10:54:59.000Z,0
68530eff84273ee859709291,6852e2b9408bcbf69818d9ca,6852dbf5c4a6f8d1a81074f9,6852dbf5c4a6f8d1a81074f7,2672,Compra,123,Confirmado,2024-09-20T15:00:35.000Z,0
68530eff84273ee8597092a6,6852e2b9408bcbf69818d9ca,6852dbf5c4a6f8d1a81074f9,6852dbf5c4a6f8d1a81074f7,3607,Compra,124,Confirmado,2024-09-30T10:48:41.000Z,0
68530eff84273ee8597092c2,6852e2b9408bcbf69818d9ca,6852dbf5c4a6f8d1a81074f9,6852dbf5c4a6f8d1a81074f7,2653,Compra,125,Confirmado,2024-09-13T16:04:51.000Z,0
68530eff84273ee8597092e6,6852e2b9408bcbf69818d9ca,6852dbf5c4a6f8d1a81074f9,6852dbf5c4a6f8d1a81074f7,1406,Compra,126,Confirmado,2024-09-17T13:18:14.000Z,0
68530eff84273ee859709301,6852e2b9408bcbf69818d9ca,6852dbf5c4a6f8d1a81074f9,6852dbf5c4a6f8d1a81074f7,2228,Compra,127,Confirmado,2024-09-03T17:43:43.000Z,0
68530eff84273ee85970931e,6852e2b9408bcbf69818d9ca,6852dbf5c4a6f8d1a81074f9,6852dbf5c4a6f8d1a81074f7,3367,Compra,128,Confirmado,2024-09-16T17:42:48.000Z,0
68530eff84273ee85970934b,6852e2b9408bcbf69818d9ca,6852dbf5c4a6f8d1a81074f9,6852dbf5c4a6f8d1a81074f7,1520,Compra,129,Confirmado,2024-09-25T11:48:37.000Z,0
68530eff84273ee85970935c,6852e2b9408bcbf69818d9ca,6852dbf5c4a6f8d1a81074f9,6852dbf5c4a6f8d1a81074f7,1331,Compra,130,Confirmado,2024-09-19T13:03:41.000Z,0
68530eff84273ee859709370,6852e2b9408bcbf69818d9ca,6852dbf5c4a6f8d1a81074f9,6852dbf5c4a6f8d1a81074f7,3423,Compra,131,Confirmado,2024-09-17T12:24:11.000Z,0
68530eff84273ee85970938e,6852e2b9408bcbf69818d9ca,6852dbf5c4a6f8d1a81074f9,6852dbf5c4a6f8d1a81074f7,4608,Compra,132,Confirmado,2024-09-26T14:05:18.000Z,0
68530eff84273ee8597093b1,6852e2b9408bcbf69818d9ca,6852dbf5c4a6f8d1a81074f9,6852dbf5c4a6f8d1a81074f7,1972,Compra,133,Confirmado,2024-09-11T16:18:01.000Z,0
68530eff84273ee8597093d7,6852e2b9408bcbf69818d9ca,6852dbf5c4a6f8d1a81074f9,6852dbf5c4a6f8d1a81074f7,1170,Compra,134,Confirmado,2024-09-18T15:22:04.000Z,0
68530eff84273ee8597093e7,6852e2b9408bcbf69818d9ca,6852dbf5c4a6f8d1a81074f9,6852dbf5c4a6f8d1a81074f7,1284,Compra,135,Confirmado,2024-09-05T09:20:53.000Z,0
68530eff84273ee8597093f4,6852e2b9408bcbf69818d9ca,6852dbf5c4a6f8d1a81074f9,6852dbf5c4a6f8d1a81074f7,2036,Compra,136,Confirmado,2024-09-30T15:16:23.000Z,0
68530eff84273ee859709417,6852e2b9408bcbf69818d9ca,6852dbf5c4a6f8d1a81074f9,6852dbf5c4a6f8d1a81074f7,1602,Compra,137,Confirmado,2024-09-06T15:11:32.000Z,0
68530eff84273ee85970942a,6852e2b9408bcbf69818d9ca,6852dbf5c4a6f8d1a81074f9,6852dbf5c4a6f8d1a81074f7,2354,Compra,138,Confirmado,2024-09-09T17:56:01.000Z,0
68530eff84273ee85970944d,6852e2b9408bcbf69818d9ca,6852dbf5c4a6f8d1a81074f9,6852dbf5c4a6f8d1a81074f7,1472,Compra,139,Confirmado,2024-09-30T10:40:30.000Z,0
68530eff84273ee85970945e,6852e2b9408bcbf69818d9ca,6852dbf5c4a6f8d1a81074f9,6852dbf5c4a6f8d1a81074f7,4441,Compra,140,Confirmado,2024-09-17T16:27:08.000Z,0
68530eff84273ee859709484,6852e2b9408bcbf69818d9ca,6852dbf5c4a6f8d1a81074f9,6852dbf5c4a6f8d1a81074f7,2960,Compra,141,Confirmado,2024-09-25T10:47:36.000Z,0
68530eff84273ee85970949a,6852e2b9408bcbf69818d9ca,6852dbf5c4a6f8d1a81074f9,6852dbf5c4a6f8d1a81074f7,852,Compra,142,Confirmado,2024-09-13T11:11:39.000Z,0
68530eff84273ee8597094a7,6852e2b9408bcbf69818d9ca,6852dbf5c4a6f8d1a81074f9,6852dbf5c4a6f8d1a81074f7,3044,Compra,143,Confirmado,2024-09-19T16:01:23.000Z,0
68530eff84273ee8597094c6,6852e2b9408bcbf69818d9ca,6852dbf5c4a6f8d1a81074f9,6852dbf5c4a6f8d1a81074f7,2109,Compra,144,Confirmado,2024-09-17T09:23:53.000Z,0
68530eff84273ee8597094df,6852e2b9408bcbf69818d9ca,6852dbf5c4a6f8d1a81074f9,6852dbf5c4a6f8d1a81074f7,656,Compra,145,Confirmado,2024-09-18T11:12:49.000Z,0
68530eff84273ee8597094f0,6852e2b9408bcbf69818d9ca,6852dbf5c4a6f8d1a81074f9,6852dbf5c4a6f8d1a81074f7,2067,Compra,146,Confirmado,2024-09-04T08:33:06.000Z,0
68530eff84273ee85970950c,6852e2b9408bcbf69818d9ca,6852dbf5c4a6f8d1a81074f9,6852dbf5c4a6f8d1a81074f7,1275,Compra,147,Confirmado,2024-09-17T16:24:41.000Z,0
68530eff84273ee859709520,6852e2b9408bcbf69818d9ca,6852dbf5c4a6f8d1a81074f9,6852dbf5c4a6f8d1a81074f7,4009,Compra,148,Confirmado,2024-09-13T17:28:52.000Z,0
68530eff84273ee85970953a,6852e2b9408bcbf69818d9ca,6852dbf5c4a6f8d1a81074f9,6852dbf5c4a6f8d1a81074f7,1729,Compra,149,Confirmado,2024-09-05T12:36:10.000Z,0
68530eff84273ee859709548,6852e2b9408bcbf69818d9ca,6852dbf5c4a6f8d1a81074f9,6852dbf5c4a6f8d1a81074f7,1092,Compra,150,Confirmado,2024-09-18T11:35:39.000Z,0
68530eff84273ee859709555,6852e2b9408bcbf69818d9ca,6852dbf5c4a6f8d1a81074f9,6852dbf5c4a6f8d1a81074f7,5257,Compra,151,Confirmado,2024-09-19T08:44:40.000Z,0
68530eff84273ee859709581,6852e2b9408bcbf69818d9ca,6852dbf5c4a6f8d1a81074f9,6852dbf5c4a6f8d1a81074f7,2203,Compra,152,Confirmado,2024-09-24T10:53:07.000Z,0
68530eff84273ee859709599,6852e2b9408bcbf69818d9ca,6852dbf5c4a6f8d1a81074f9,6852dbf5c4a6f8d1a81074f7,1116,Compra,153,Confirmado,2024-09-10T16:20:19.000Z,0
68530eff84273ee8597095a6,6852e2b9408bcbf69818d9ca,6852dbf5c4a6f8d1a81074f9,6852dbf5c4a6f8d1a81074f7,1864,Compra,154,Confirmado,2024-09-10T15:29:55.000Z,0
68530eff84273ee8597095b5,6852e2b9408bcbf69818d9ca,6852dbf5c4a6f8d1a81074f9,6852dbf5c4a6f8d1a81074f7,516,Compra,155,Confirmado,2024-09-04T17:27:51.000Z,0
68530eff84273ee8597095c2,6852e2b9408bcbf69818d9ca,6852dbf5c4a6f8d1a81074f9,6852dbf5c4a6f8d1a81074f7,1675,Compra,156,Confirmado,2024-09-02T11:48:31.000Z,0
68530eff84273ee8597095d8,6852e2b9408bcbf69818d9ca,6852dbf5c4a6f8d1a81074f9,6852dbf5c4a6f8d1a81074f7,2498,Compra,157,Confirmado,2024-09-09T09:38:21.000Z,0
68530eff84273ee8597095ef,6852e2b9408bcbf69818d9ca,6852dbf5c4a6f8d1a81074f9,6852dbf5c4a6f8d1a81074f7,1680,Compra,158,Confirmado,2024-09-06T12:06:32.000Z,0
68530eff84273ee859709602,6852e2b9408bcbf69818d9ca,6852dbf5c4a6f8d1a81074f9,6852dbf5c4a6f8d1a81074f7,594,Compra,159,Confirmado,2024-09-17T09:27:54.000Z,0
68530eff84273ee859709609,6852e2b9408bcbf69818d9ca,6852dbf5c4a6f8d1a81074f9,6852dbf5c4a6f8d1a81074f7,2272,Compra,160,Confirmado,2024-09-12T14:33:02.000Z,0
68530eff84273ee859709628,6852e2b9408bcbf69818d9ca,6852dbf5c4a6f8d1a81074f9,6852dbf5c4a6f8d1a81074f7,1532,Compra,161,Confirmado,2024-09-18T17:05:33.000Z,0
68530eff84273ee85970964a,6852e2b9408bcbf69818d9ca,6852dbf5c4a6f8d1a81074f9,6852dbf5c4a6f8d1a81074f7,1320,Compra,162,Confirmado,2024-09-06T12:34:37.000Z,0
68530eff84273ee85970965b,6852e2b9408bcbf69818d9ca,6852dbf5c4a6f8d1a81074f9,6852dbf5c4a6f8d1a81074f7,1401,Compra,163,Confirmado,2024-09-11T17:42:02.000Z,0
68530eff84273ee859709669,6852e2b9408bcbf69818d9ca,6852dbf5c4a6f8d1a81074f9,6852dbf5c4a6f8d1a81074f7,710,Compra,164,Confirmado,2024-09-26T16:22:00.000Z,0
68530eff84273ee859709674,6852e2b9408bcbf69818d9ca,6852dbf5c4a6f8d1a81074f9,6852dbf5c4a6f8d1a81074f7,2212,Compra,165,Confirmado,2024-09-09T16:43:21.000Z,0
68530eff84273ee859709694,6852e2b9408bcbf69818d9ca,6852dbf5c4a6f8d1a81074f9,6852dbf5c4a6f8d1a81074f7,2958,Compra,166,Confirmado,2024-09-19T08:50:02.000Z,0
68530eff84273ee8597096b1,6852e2b9408bcbf69818d9ca,6852dbf5c4a6f8d1a81074f9,6852dbf5c4a6f8d1a81074f7,450,Compra,167,Confirmado,2024-09-12T11:02:27.000Z,0
68530eff84273ee8597096b8,6852e2b9408bcbf69818d9ca,6852dbf5c4a6f8d1a81074f9,6852dbf5c4a6f8d1a81074f7,2306,Compra,168,Confirmado,2024-09-09T14:41:40.000Z,0
68530eff84273ee8597096d3,6852e2b9408bcbf69818d9ca,6852dbf5c4a6f8d1a81074f9,6852dbf5c4a6f8d1a81074f7,2006,Compra,169,Confirmado,2024-09-02T14:23:21.000Z,0
68530eff84273ee8597096e8,6852e2b9408bcbf69818d9ca,6852dbf5c4a6f8d1a81074f9,6852dbf5c4a6f8d1a81074f7,1128,Compra,170,Confirmado,2024-10-29T13:46:11.000Z,0
68530eff84273ee8597096fe,6852e2b9408bcbf69818d9ca,6852dbf5c4a6f8d1a81074f9,6852dbf5c4a6f8d1a81074f7,1947,Compra,171,Confirmado,2024-10-24T11:48:21.000Z,0
68530eff84273ee859709717,6852e2b9408bcbf69818d9ca,6852dbf5c4a6f8d1a81074f9,6852dbf5c4a6f8d1a81074f7,2857,Compra,172,Confirmado,2024-10-04T17:32:52.000Z,0
68530eff84273ee85970972f,6852e2b9408bcbf69818d9ca,6852dbf5c4a6f8d1a81074f9,6852dbf5c4a6f8d1a81074f7,685,Compra,173,Confirmado,2024-10-14T08:34:48.000Z,0
68530eff84273ee85970973f,6852e2b9408bcbf69818d9ca,6852dbf5c4a6f8d1a81074f9,6852dbf5c4a6f8d1a81074f7,3093,Compra,174,Confirmado,2024-10-28T10:53:23.000Z,0
68530eff84273ee85970975e,6852e2b9408bcbf69818d9ca,6852dbf5c4a6f8d1a81074f9,6852dbf5c4a6f8d1a81074f7,2682,Compra,175,Confirmado,2024-10-29T11:18:09.000Z,0
68530eff84273ee859709774,6852e2b9408bcbf69818d9ca,6852dbf5c4a6f8d1a81074f9,6852dbf5c4a6f8d1a81074f7,1632,Compra,176,Confirmado,2024-10-21T09:37:39.000Z,0
68530eff84273ee859709781,6852e2b9408bcbf69818d9ca,6852dbf5c4a6f8d1a81074f9,6852dbf5c4a6f8d1a81074f7,1375,Compra,177,Confirmado,2024-10-23T11:20:02.000Z,0
68530eff84273ee859709796,6852e2b9408bcbf69818d9ca,6852dbf5c4a6f8d1a81074f9,6852dbf5c4a6f8d1a81074f7,1148,Compra,178,Confirmado,2024-10-14T14:35:22.000Z,0
68530eff84273ee8597097a5,6852e2b9408bcbf69818d9ca,6852dbf5c4a6f8d1a81074f9,6852dbf5c4a6f8d1a81074f7,1772,Compra,179,Confirmado,2024-10-16T15:12:40.000Z,0
68530eff84273ee8597097c0,6852e2b9408bcbf69818d9ca,6852dbf5c4a6f8d1a81074f9,6852dbf5c4a6f8d1a81074f7,2649,Compra,180,Confirmado,2024-10-23T11:46:53.000Z,0
68530eff84273ee8597097d5,6852e2b9408bcbf69818d9ca,6852dbf5c4a6f8d1a81074f9,6852dbf5c4a6f8d1a81074f7,3552,Compra,181,Confirmado,2024-10-24T15:45:11.000Z,0
68530eff84273ee8597097f1,6852e2b9408bcbf69818d9ca,6852dbf5c4a6f8d1a81074f9,6852dbf5c4a6f8d1a81074f7,1540,Compra,182,Confirmado,2024-10-14T08:51:39.000Z,0
68530eff84273ee8597097fd,6852e2b9408bcbf69818d9ca,6852dbf5c4a6f8d1a81074f9,6852dbf5c4a6f8d1a81074f7,3312,Compra,183,Confirmado,2024-10-18T13:37:54.000Z,0
68530eff84273ee85970981b,6852e2b9408bcbf69818d9ca,6852dbf5c4a6f8d1a81074f9,6852dbf5c4a6f8d1a81074f7,1620,Compra,184,Confirmado,2024-10-18T13:11:10.000Z,0
68530eff84273ee859709835,6852e2b9408bcbf69818d9ca,6852dbf5c4a6f8d1a81074f9,6852dbf5c4a6f8d1a81074f7,432,Compra,185,Confirmado,2024-10-22T17:20:59.000Z,0
68530eff84273ee85970983c,6852e2b9408bcbf69818d9ca,6852dbf5c4a6f8d1a81074f9,6852dbf5c4a6f8d1a81074f7,2236,Compra,186,Confirmado,2024-10-21T10:09:09.000Z,0
68530eff84273ee85970984a,6852e2b9408bcbf69818d9ca,6852dbf5c4a6f8d1a81074f9,6852dbf5c4a6f8d1a81074f7,700,Compra,187,Confirmado,2024-10-21T14:19:11.000Z,0
68530eff84273ee859709852,6852e2b9408bcbf69818d9ca,6852dbf5c4a6f8d1a81074f9,6852dbf5c4a6f8d1a81074f7,1314,Compra,188,Confirmado,2024-10-31T11:32:50.000Z,0
68530eff84273ee85970985c,6852e2b9408bcbf69818d9ca,6852dbf5c4a6f8d1a81074f9,6852dbf5c4a6f8d1a81074f7,1378,Compra,189,Confirmado,2024-10-10T10:34:42.000Z,0
68530eff84273ee859709877,6852e2b9408bcbf69818d9ca,6852dbf5c4a6f8d1a81074f9,6852dbf5c4a6f8d1a81074f7,1142,Compra,190,Confirmado,2024-10-24T15:44:56.000Z,0
68530eff84273ee859709886,6852e2b9408bcbf69818d9ca,6852dbf5c4a6f8d1a81074f9,6852dbf5c4a6f8d1a81074f7,750,Compra,191,Confirmado,2024-10-21T16:13:38.000Z,0
68530eff84273ee85970988d,6852e2b9408bcbf69818d9ca,6852dbf5c4a6f8d1a81074f9,6852dbf5c4a6f8d1a81074f7,355,Compra,192,Confirmado,2024-10-18T12:12:17.000Z,0
68530eff84273ee859709893,6852e2b9408bcbf69818d9ca,6852dbf5c4a6f8d1a81074f9,6852dbf5c4a6f8d1a81074f7,2771,Compra,193,Confirmado,2024-10-09T15:05:28.000Z,0
68530eff84273ee8597098ab,6852e2b9408bcbf69818d9ca,6852dbf5c4a6f8d1a81074f9,6852dbf5c4a6f8d1a81074f7,2627,Compra,194,Confirmado,2024-10-04T13:52:33.000Z,0
68530eff84273ee8597098c7,6852e2b9408bcbf69818d9ca,6852dbf5c4a6f8d1a81074f9,6852dbf5c4a6f8d1a81074f7,728,Compra,195,Confirmado,2024-10-11T08:55:24.000Z,0
68530f0084273ee8597098d5,6852e2b9408bcbf69818d9ca,6852dbf5c4a6f8d1a81074f9,6852dbf5c4a6f8d1a81074f7,2190,Compra,196,Confirmado,2024-10-14T11:32:51.000Z,0
68530f0084273ee8597098e7,6852e2b9408bcbf69818d9ca,6852dbf5c4a6f8d1a81074f9,6852dbf5c4a6f8d1a81074f7,1530,Compra,197,Confirmado,2024-10-01T08:49:07.000Z,0
68530f0084273ee8597098fc,6852e2b9408bcbf69818d9ca,6852dbf5c4a6f8d1a81074f9,6852dbf5c4a6f8d1a81074f7,1995,Compra,198,Confirmado,2024-10-21T13:05:02.000Z,0
68530f0084273ee859709910,6852e2b9408bcbf69818d9ca,6852dbf5c4a6f8d1a81074f9,6852dbf5c4a6f8d1a81074f7,2354,Compra,199,Confirmado,2024-10-24T10:54:46.000Z,0
68530f0084273ee859709935,6852e2b9408bcbf69818d9ca,6852dbf5c4a6f8d1a81074f9,6852dbf5c4a6f8d1a81074f7,654,Compra,200,Confirmado,2024-10-24T11:38:36.000Z,0
68530f0084273ee85970993c,6852e2b9408bcbf69818d9ca,6852dbf5c4a6f8d1a81074f9,6852dbf5c4a6f8d1a81074f7,1987,Compra,201,Confirmado,2024-10-18T14:53:42.000Z,0
68530f0084273ee859709957,6852e2b9408bcbf69818d9ca,6852dbf5c4a6f8d1a81074f9,6852dbf5c4a6f8d1a81074f7,1246,Compra,202,Confirmado,2024-10-14T12:24:50.000Z,0
68530f0084273ee859709966,6852e2b9408bcbf69818d9ca,6852dbf5c4a6f8d1a81074f9,6852dbf5c4a6f8d1a81074f7,1599,Compra,203,Confirmado,2024-10-10T11:39:55.000Z,0
68530f0084273ee859709974,6852e2b9408bcbf69818d9ca,6852dbf5c4a6f8d1a81074f9,6852dbf5c4a6f8d1a81074f7,1348,Compra,204,Confirmado,2024-10-24T16:08:23.000Z,0
68530f0084273ee859709988,6852e2b9408bcbf69818d9ca,6852dbf5c4a6f8d1a81074f9,6852dbf5c4a6f8d1a81074f7,1673,Compra,205,Confirmado,2024-10-11T10:22:00.000Z,0
68530f0084273ee85970999c,6852e2b9408bcbf69818d9ca,6852dbf5c4a6f8d1a81074f9,6852dbf5c4a6f8d1a81074f7,729,Compra,206,Confirmado,2024-10-24T11:19:45.000Z,0
68530f0084273ee8597099a6,6852e2b9408bcbf69818d9ca,6852dbf5c4a6f8d1a81074f9,6852dbf5c4a6f8d1a81074f7,2502,Compra,207,Confirmado,2024-10-31T14:19:03.000Z,0
68530f0084273ee8597099cb,6852e2b9408bcbf69818d9ca,6852dbf5c4a6f8d1a81074f9,6852dbf5c4a6f8d1a81074f7,1032,Compra,208,Confirmado,2024-10-10T12:35:09.000Z,0
68530f0084273ee8597099d8,6852e2b9408bcbf69818d9ca,6852dbf5c4a6f8d1a81074f9,6852dbf5c4a6f8d1a81074f7,3336,Compra,209,Confirmado,2024-10-10T10:17:03.000Z,0
68530f0084273ee8597099f0,6852e2b9408bcbf69818d9ca,6852dbf5c4a6f8d1a81074f9,6852dbf5c4a6f8d1a81074f7,1914,Compra,210,Confirmado,2024-10-31T16:06:27.000Z,0
68530f0084273ee8597099fc,6852e2b9408bcbf69818d9ca,6852dbf5c4a6f8d1a81074f9,6852dbf5c4a6f8d1a81074f7,2055,Compra,211,Confirmado,2024-10-24T14:50:30.000Z,0
68530f0084273ee859709a14,6852e2b9408bcbf69818d9ca,6852dbf5c4a6f8d1a81074f9,6852dbf5c4a6f8d1a81074f7,550,Compra,212,Confirmado,2024-10-29T13:17:39.000Z,0
68530f0084273ee859709a1a,6852e2b9408bcbf69818d9ca,6852dbf5c4a6f8d1a81074f9,6852dbf5c4a6f8d1a81074f7,275,Compra,213,Confirmado,2024-10-02T17:56:40.000Z,0
68530f0084273ee859709a20,6852e2b9408bcbf69818d9ca,6852dbf5c4a6f8d1a81074f9,6852dbf5c4a6f8d1a81074f7,1344,Compra,214,Confirmado,2024-10-01T17:44:15.000Z,0
68530f0084273ee859709a30,6852e2b9408bcbf69818d9ca,6852dbf5c4a6f8d1a81074f9,6852dbf5c4a6f8d1a81074f7,824,Compra,215,Confirmado,2024-10-01T11:02:56.000Z,0
68530f0084273ee859709a39,6852e2b9408bcbf69818d9ca,6852dbf5c4a6f8d1a81074f9,6852dbf5c4a6f8d1a81074f7,1588,Compra,216,Confirmado,2024-10-08T11:40:29.000Z,0
68530f0084273ee859709a55,6852e2b9408bcbf69818d9ca,6852dbf5c4a6f8d1a81074f9,6852dbf5c4a6f8d1a81074f7,1365,Compra,217,Confirmado,2024-10-07T12:06:28.000Z,0
68530f0084273ee859709a63,6852e2b9408bcbf69818d9ca,6852dbf5c4a6f8d1a81074f9,6852dbf5c4a6f8d1a81074f7,994,Compra,218,Confirmado,2024-10-22T17:57:39.000Z,0
68530f0084273ee859709a72,6852e2b9408bcbf69818d9ca,6852dbf5c4a6f8d1a81074f9,6852dbf5c4a6f8d1a81074f7,15666,Compra,219,Confirmado,2024-11-14T16:19:20.000Z,0
68530f0084273ee859709ad0,6852e2b9408bcbf69818d9ca,6852dbf5c4a6f8d1a81074f9,6852dbf5c4a6f8d1a81074f7,2187,Compra,220,Confirmado,2024-11-06T17:43:51.000Z,0
68530f0084273ee859709aec,6852e2b9408bcbf69818d9ca,6852dbf5c4a6f8d1a81074f9,6852dbf5c4a6f8d1a81074f7,3225,Compra,221,Confirmado,2024-11-21T10:25:03.000Z,0
68530f0084273ee859709b18,6852e2b9408bcbf69818d9ca,6852dbf5c4a6f8d1a81074f9,6852dbf5c4a6f8d1a81074f7,8676,Compra,222,Confirmado,2024-11-08T11:13:04.000Z,0
68530f0084273ee859709b9a,6852e2b9408bcbf69818d9ca,6852dbf5c4a6f8d1a81074f9,6852dbf5c4a6f8d1a81074f7,5925,Compra,223,Confirmado,2024-11-28T16:22:40.000Z,0
68530f0084273ee859709bef,6852e2b9408bcbf69818d9ca,6852dbf5c4a6f8d1a81074f9,6852dbf5c4a6f8d1a81074f7,4590,Compra,224,Confirmado,2024-11-08T11:58:31.000Z,0
68530f0084273ee859709c12,6852e2b9408bcbf69818d9ca,6852dbf5c4a6f8d1a81074f9,6852dbf5c4a6f8d1a81074f7,6284,Compra,225,Confirmado,2024-11-08T09:24:09.000Z,0
68530f0084273ee859709c79,6852e2b9408bcbf69818d9ca,6852dbf5c4a6f8d1a81074f9,6852dbf5c4a6f8d1a81074f7,6813,Compra,226,Confirmado,2024-11-22T08:27:41.000Z,0
68530f0084273ee859709cd7,6852e2b9408bcbf69818d9ca,6852dbf5c4a6f8d1a81074f9,6852dbf5c4a6f8d1a81074f7,5746,Compra,227,Confirmado,2024-11-22T09:22:55.000Z,0
68530f0084273ee859709cfa,6852e2b9408bcbf69818d9ca,6852dbf5c4a6f8d1a81074f9,6852dbf5c4a6f8d1a81074f7,6783,Compra,228,Confirmado,2024-11-26T11:17:02.000Z,0
68530f0084273ee859709d52,6852e2b9408bcbf69818d9ca,6852dbf5c4a6f8d1a81074f9,6852dbf5c4a6f8d1a81074f7,4050,Compra,229,Confirmado,2024-11-20T13:22:19.000Z,0
68530f0084273ee859709d71,6852e2b9408bcbf69818d9ca,6852dbf5c4a6f8d1a81074f9,6852dbf5c4a6f8d1a81074f7,9976,Compra,230,Confirmado,2024-11-12T13:45:42.000Z,0
68530f0084273ee859709dc2,6852e2b9408bcbf69818d9ca,6852dbf5c4a6f8d1a81074f9,6852dbf5c4a6f8d1a81074f7,2080,Compra,231,Confirmado,2024-11-07T15:41:07.000Z,0
68530f0084273ee859709de3,6852e2b9408bcbf69818d9ca,6852dbf5c4a6f8d1a81074f9,6852dbf5c4a6f8d1a81074f7,11118,Compra,232,Confirmado,2024-11-28T09:48:30.000Z,0
68530f0084273ee859709e56,6852e2b9408bcbf69818d9ca,6852dbf5c4a6f8d1a81074f9,6852dbf5c4a6f8d1a81074f7,2736,Compra,233,Confirmado,2024-11-01T13:15:37.000Z,0
68530f0084273ee859709e7b,6852e2b9408bcbf69818d9ca,6852dbf5c4a6f8d1a81074f9,6852dbf5c4a6f8d1a81074f7,10206,Compra,234,Confirmado,2024-11-04T10:46:20.000Z,0
68530f0084273ee859709ee8,6852e2b9408bcbf69818d9ca,6852dbf5c4a6f8d1a81074f9,6852dbf5c4a6f8d1a81074f7,7086,Compra,235,Confirmado,2024-11-01T14:15:48.000Z,0
68530f0084273ee859709f4b,6852e2b9408bcbf69818d9ca,6852dbf5c4a6f8d1a81074f9,6852dbf5c4a6f8d1a81074f7,5385,Compra,236,Confirmado,2024-11-07T11:12:49.000Z,0
68530f0084273ee859709f97,6852e2b9408bcbf69818d9ca,6852dbf5c4a6f8d1a81074f9,6852dbf5c4a6f8d1a81074f7,8218,Compra,237,Confirmado,2024-11-20T14:51:00.000Z,0
68530f0084273ee85970a018,6852e2b9408bcbf69818d9ca,6852dbf5c4a6f8d1a81074f9,6852dbf5c4a6f8d1a81074f7,8006,Compra,238,Confirmado,2024-11-22T13:49:33.000Z,0
68530f0084273ee85970a098,6852e2b9408bcbf69818d9ca,6852dbf5c4a6f8d1a81074f9,6852dbf5c4a6f8d1a81074f7,3552,Compra,239,Confirmado,2024-11-18T13:33:45.000Z,0
68530f0084273ee85970a0c9,6852e2b9408bcbf69818d9ca,6852dbf5c4a6f8d1a81074f9,6852dbf5c4a6f8d1a81074f7,3696,Compra,240,Confirmado,2024-11-22T11:32:22.000Z,0
68530f0084273ee85970a0fa,6852e2b9408bcbf69818d9ca,6852dbf5c4a6f8d1a81074f9,6852dbf5c4a6f8d1a81074f7,3226,Compra,241,Confirmado,2024-11-14T15:09:25.000Z,0
68530f0084273ee85970a135,6852e2b9408bcbf69818d9ca,6852dbf5c4a6f8d1a81074f9,6852dbf5c4a6f8d1a81074f7,5940,Compra,242,Confirmado,2024-11-15T10:17:38.000Z,0
68530f0184273ee85970a16c,6852e2b9408bcbf69818d9ca,6852dbf5c4a6f8d1a81074f9,6852dbf5c4a6f8d1a81074f7,6279,Compra,243,Confirmado,2024-11-01T09:03:54.000Z,0
68530f0184273ee85970a194,6852e2b9408bcbf69818d9ca,6852dbf5c4a6f8d1a81074f9,6852dbf5c4a6f8d1a81074f7,9924,Compra,244,Confirmado,2024-11-28T14:22:31.000Z,0
68530f0184273ee85970a20d,6852e2b9408bcbf69818d9ca,6852dbf5c4a6f8d1a81074f9,6852dbf5c4a6f8d1a81074f7,4416,Compra,245,Confirmado,2024-11-29T15:48:42.000Z,0
68530f0184273ee85970a23c,6852e2b9408bcbf69818d9ca,6852dbf5c4a6f8d1a81074f9,6852dbf5c4a6f8d1a81074f7,2268,Compra,246,Confirmado,2024-11-26T16:07:19.000Z,0
68530f0184273ee85970a259,6852e2b9408bcbf69818d9ca,6852dbf5c4a6f8d1a81074f9,6852dbf5c4a6f8d1a81074f7,7146,Compra,247,Confirmado,2024-11-07T09:44:40.000Z,0
68530f0184273ee85970a2b4,6852e2b9408bcbf69818d9ca,6852dbf5c4a6f8d1a81074f9,6852dbf5c4a6f8d1a81074f7,3776,Compra,248,Confirmado,2024-11-13T12:24:45.000Z,0
68530f0184273ee85970a2d5,6852e2b9408bcbf69818d9ca,6852dbf5c4a6f8d1a81074f9,6852dbf5c4a6f8d1a81074f7,6955,Compra,249,Confirmado,2024-11-22T17:54:16.000Z,0
68530f0184273ee85970a323,6852e2b9408bcbf69818d9ca,6852dbf5c4a6f8d1a81074f9,6852dbf5c4a6f8d1a81074f7,3157,Compra,250,Confirmado,2024-11-01T17:01:44.000Z,0
68530f0184273ee85970a34d,6852e2b9408bcbf69818d9ca,6852dbf5c4a6f8d1a81074f9,6852dbf5c4a6f8d1a81074f7,2448,Compra,251,Confirmado,2024-11-20T10:42:18.000Z,0
68530f0184273ee85970a370,6852e2b9408bcbf69818d9ca,6852dbf5c4a6f8d1a81074f9,6852dbf5c4a6f8d1a81074f7,5200,Compra,252,Confirmado,2024-11-25T10:35:30.000Z,0
68530f0184273ee85970a3a3,6852e2b9408bcbf69818d9ca,6852dbf5c4a6f8d1a81074f9,6852dbf5c4a6f8d1a81074f7,2279,Compra,253,Confirmado,2024-11-08T13:37:38.000Z,0
68530f0184273ee85970a3cf,6852e2b9408bcbf69818d9ca,6852dbf5c4a6f8d1a81074f9,6852dbf5c4a6f8d1a81074f7,8905,Compra,254,Confirmado,2024-11-07T15:55:55.000Z,0
68530f0184273ee85970a454,6852e2b9408bcbf69818d9ca,6852dbf5c4a6f8d1a81074f9,6852dbf5c4a6f8d1a81074f7,7140,Compra,255,Confirmado,2024-11-26T10:29:50.000Z,0
68530f0184273ee85970a4bd,6852e2b9408bcbf69818d9ca,6852dbf5c4a6f8d1a81074f9,6852dbf5c4a6f8d1a81074f7,10935,Compra,256,Confirmado,2024-11-11T09:11:29.000Z,0
68530f0184273ee85970a534,6852e2b9408bcbf69818d9ca,6852dbf5c4a6f8d1a81074f9,6852dbf5c4a6f8d1a81074f7,5604,Compra,257,Confirmado,2024-11-22T10:19:32.000Z,0
68530f0184273ee85970a587,6852e2b9408bcbf69818d9ca,6852dbf5c4a6f8d1a81074f9,6852dbf5c4a6f8d1a81074f7,5082,Compra,258,Confirmado,2024-11-15T17:16:59.000Z,0
68530f0184273ee85970a5e5,6852e2b9408bcbf69818d9ca,6852dbf5c4a6f8d1a81074f9,6852dbf5c4a6f8d1a81074f7,10176,Compra,259,Confirmado,2024-11-08T10:32:21.000Z,0
68530f0184273ee85970a679,6852e2b9408bcbf69818d9ca,6852dbf5c4a6f8d1a81074f9,6852dbf5c4a6f8d1a81074f7,10494,Compra,260,Confirmado,2024-11-22T12:50:59.000Z,0
68530f0184273ee85970a6d3,6852e2b9408bcbf69818d9ca,6852dbf5c4a6f8d1a81074f9,6852dbf5c4a6f8d1a81074f7,4678,Compra,261,Confirmado,2024-11-15T11:09:30.000Z,0
68530f0184273ee85970a71d,6852e2b9408bcbf69818d9ca,6852dbf5c4a6f8d1a81074f9,6852dbf5c4a6f8d1a81074f7,3796,Compra,262,Confirmado,2024-11-28T09:03:43.000Z,0
68530f0184273ee85970a752,6852e2b9408bcbf69818d9ca,6852dbf5c4a6f8d1a81074f9,6852dbf5c4a6f8d1a81074f7,3048,Compra,263,Confirmado,2024-11-22T14:39:24.000Z,0
68530f0184273ee85970a780,6852e2b9408bcbf69818d9ca,6852dbf5c4a6f8d1a81074f9,6852dbf5c4a6f8d1a81074f7,3645,Compra,264,Confirmado,2024-11-19T08:27:52.000Z,0
68530f0184273ee85970a7b9,6852e2b9408bcbf69818d9ca,6852dbf5c4a6f8d1a81074f9,6852dbf5c4a6f8d1a81074f7,7381,Compra,265,Confirmado,2024-11-01T08:21:18.000Z,0
68530f0184273ee85970a7ef,6852e2b9408bcbf69818d9ca,6852dbf5c4a6f8d1a81074f9,6852dbf5c4a6f8d1a81074f7,1913,Compra,266,Confirmado,2024-11-04T17:03:34.000Z,0
68530f0184273ee85970a815,6852e2b9408bcbf69818d9ca,6852dbf5c4a6f8d1a81074f9,6852dbf5c4a6f8d1a81074f7,900,Compra,267,Confirmado,2024-11-28T08:47:53.000Z,0
68530f0184273ee85970a828,6852e2b9408bcbf69818d9ca,6852dbf5c4a6f8d1a81074f9,6852dbf5c4a6f8d1a81074f7,5392,Compra,268,Confirmado,2024-11-15T15:01:15.000Z,0
68530f0184273ee85970a849,6852e2b9408bcbf69818d9ca,6852dbf5c4a6f8d1a81074f9,6852dbf5c4a6f8d1a81074f7,1344,Compra,269,Confirmado,2024-11-06T11:43:14.000Z,0
68530f0184273ee85970a858,6852e2b9408bcbf69818d9ca,6852dbf5c4a6f8d1a81074f9,6852dbf5c4a6f8d1a81074f7,658,Compra,270,Confirmado,2024-11-26T10:16:45.000Z,0
68530f0184273ee85970a867,6852e2b9408bcbf69818d9ca,6852dbf5c4a6f8d1a81074f9,6852dbf5c4a6f8d1a81074f7,7445,Compra,271,Confirmado,2024-11-05T11:39:59.000Z,0
68530f0184273ee85970a896,6852e2b9408bcbf69818d9ca,6852dbf5c4a6f8d1a81074f9,6852dbf5c4a6f8d1a81074f7,1431,Compra,272,Confirmado,2024-11-12T17:59:49.000Z,0
68530f0184273ee85970a8b2,6852e2b9408bcbf69818d9ca,6852dbf5c4a6f8d1a81074f9,6852dbf5c4a6f8d1a81074f7,1911,Compra,273,Confirmado,2024-11-27T12:25:02.000Z,0
68530f0184273ee85970a8c8,6852e2b9408bcbf69818d9ca,6852dbf5c4a6f8d1a81074f9,6852dbf5c4a6f8d1a81074f7,1792,Compra,274,Confirmado,2024-11-19T14:41:57.000Z,0
68530f0184273ee85970a8d9,6852e2b9408bcbf69818d9ca,6852dbf5c4a6f8d1a81074f9,6852dbf5c4a6f8d1a81074f7,4800,Compra,275,Confirmado,2024-11-27T10:13:25.000Z,0
68530f0184273ee85970a8fa,6852e2b9408bcbf69818d9ca,6852dbf5c4a6f8d1a81074f9,6852dbf5c4a6f8d1a81074f7,1488,Compra,276,Confirmado,2024-11-29T11:24:31.000Z,0
68530f0184273ee85970a907,6852e2b9408bcbf69818d9ca,6852dbf5c4a6f8d1a81074f9,6852dbf5c4a6f8d1a81074f7,1764,Compra,277,Confirmado,2024-11-19T14:14:45.000Z,0
68530f0184273ee85970a91a,6852e2b9408bcbf69818d9ca,6852dbf5c4a6f8d1a81074f9,6852dbf5c4a6f8d1a81074f7,2889,Compra,278,Confirmado,2024-11-12T08:37:35.000Z,0
68530f0184273ee85970a936,6852e2b9408bcbf69818d9ca,6852dbf5c4a6f8d1a81074f9,6852dbf5c4a6f8d1a81074f7,5541,Compra,279,Confirmado,2024-11-07T12:52:25.000Z,0
68530f0184273ee85970a970,6852e2b9408bcbf69818d9ca,6852dbf5c4a6f8d1a81074f9,6852dbf5c4a6f8d1a81074f7,2331,Compra,280,Confirmado,2024-11-28T11:51:15.000Z,0
68530f0184273ee85970a986,6852e2b9408bcbf69818d9ca,6852dbf5c4a6f8d1a81074f9,6852dbf5c4a6f8d1a81074f7,4324,Compra,281,Confirmado,2024-11-20T08:28:56.000Z,0
68530f0184273ee85970a9b5,6852e2b9408bcbf69818d9ca,6852dbf5c4a6f8d1a81074f9,6852dbf5c4a6f8d1a81074f7,2192,Compra,282,Confirmado,2024-11-06T12:00:50.000Z,0
68530f0184273ee85970a9d6,6852e2b9408bcbf69818d9ca,6852dbf5c4a6f8d1a81074f9,6852dbf5c4a6f8d1a81074f7,1106,Compra,283,Confirmado,2024-11-29T14:25:06.000Z,0
68530f0184273ee85970a9e5,6852e2b9408bcbf69818d9ca,6852dbf5c4a6f8d1a81074f9,6852dbf5c4a6f8d1a81074f7,4708,Compra,284,Confirmado,2024-11-21T09:12:11.000Z,0
68530f0184273ee85970aa06,6852e2b9408bcbf69818d9ca,6852dbf5c4a6f8d1a81074f9,6852dbf5c4a6f8d1a81074f7,4137,Compra,285,Confirmado,2024-11-22T10:49:06.000Z,0
68530f0184273ee85970aa32,6852e2b9408bcbf69818d9ca,6852dbf5c4a6f8d1a81074f9,6852dbf5c4a6f8d1a81074f7,3321,Compra,286,Confirmado,2024-11-28T13:20:19.000Z,0
68530f0184273ee85970aa4c,6852e2b9408bcbf69818d9ca,6852dbf5c4a6f8d1a81074f9,6852dbf5c4a6f8d1a81074f7,2426,Compra,287,Confirmado,2024-11-11T08:19:55.000Z,0
68530f0184273ee85970aa6d,6852e2b9408bcbf69818d9ca,6852dbf5c4a6f8d1a81074f9,6852dbf5c4a6f8d1a81074f7,3358,Compra,288,Confirmado,2024-11-26T11:29:58.000Z,0
68530f0184273ee85970aa85,6852e2b9408bcbf69818d9ca,6852dbf5c4a6f8d1a81074f9,6852dbf5c4a6f8d1a81074f7,1764,Compra,289,Confirmado,2024-11-15T13:07:35.000Z,0
68530f0284273ee85970aaa4,6852e2b9408bcbf69818d9ca,6852dbf5c4a6f8d1a81074f9,6852dbf5c4a6f8d1a81074f7,4489,Compra,290,Confirmado,2024-11-22T11:33:06.000Z,0
68530f0284273ee85970aadc,6852e2b9408bcbf69818d9ca,6852dbf5c4a6f8d1a81074f9,6852dbf5c4a6f8d1a81074f7,2914,Compra,291,Confirmado,2024-11-21T13:53:08.000Z,0
68530f0284273ee85970ab04,6852e2b9408bcbf69818d9ca,6852dbf5c4a6f8d1a81074f9,6852dbf5c4a6f8d1a81074f7,2607,Compra,292,Confirmado,2024-11-12T09:47:03.000Z,0
68530f0284273ee85970ab26,6852e2b9408bcbf69818d9ca,6852dbf5c4a6f8d1a81074f9,6852dbf5c4a6f8d1a81074f7,4277,Compra,293,Confirmado,2024-11-08T11:09:02.000Z,0
68530f0284273ee85970ab60,6852e2b9408bcbf69818d9ca,6852dbf5c4a6f8d1a81074f9,6852dbf5c4a6f8d1a81074f7,3617,Compra,294,Confirmado,2024-11-25T13:39:50.000Z,0
68530f0284273ee85970ab9e,6852e2b9408bcbf69818d9ca,6852dbf5c4a6f8d1a81074f9,6852dbf5c4a6f8d1a81074f7,5609,Compra,295,Confirmado,2024-11-11T10:23:37.000Z,0
68530f0284273ee85970abd0,6852e2b9408bcbf69818d9ca,6852dbf5c4a6f8d1a81074f9,6852dbf5c4a6f8d1a81074f7,3750,Compra,296,Confirmado,2024-11-21T13:00:10.000Z,0
68530f0284273ee85970ac03,6852e2b9408bcbf69818d9ca,6852dbf5c4a6f8d1a81074f9,6852dbf5c4a6f8d1a81074f7,4745,Compra,297,Confirmado,2024-11-07T13:07:56.000Z,0
68530f0284273ee85970ac2d,6852e2b9408bcbf69818d9ca,6852dbf5c4a6f8d1a81074f9,6852dbf5c4a6f8d1a81074f7,7092,Compra,298,Confirmado,2024-11-27T15:21:28.000Z,0
68530f0284273ee85970ac67,6852e2b9408bcbf69818d9ca,6852dbf5c4a6f8d1a81074f9,6852dbf5c4a6f8d1a81074f7,5870,Compra,299,Confirmado,2024-12-17T08:00:11.000Z,0
68530f0284273ee85970acbe,6852e2b9408bcbf69818d9ca,6852dbf5c4a6f8d1a81074f9,6852dbf5c4a6f8d1a81074f7,7380,Compra,300,Confirmado,2024-12-24T14:34:59.000Z,0
68530f0284273ee85970ad0d,6852e2b9408bcbf69818d9ca,6852dbf5c4a6f8d1a81074f9,6852dbf5c4a6f8d1a81074f7,5076,Compra,301,Confirmado,2024-12-26T13:40:12.000Z,0
68530f0284273ee85970ad52,6852e2b9408bcbf69818d9ca,6852dbf5c4a6f8d1a81074f9,6852dbf5c4a6f8d1a81074f7,3652,Compra,302,Confirmado,2024-12-11T10:17:27.000Z,0
68530f0284273ee85970ad7f,6852e2b9408bcbf69818d9ca,6852dbf5c4a6f8d1a81074f9,6852dbf5c4a6f8d1a81074f7,7926,Compra,303,Confirmado,2024-12-04T09:56:02.000Z,0
68530f0284273ee85970addc,6852e2b9408bcbf69818d9ca,6852dbf5c4a6f8d1a81074f9,6852dbf5c4a6f8d1a81074f7,9078,Compra,304,Confirmado,2024-12-11T17:44:18.000Z,0
68530f0284273ee85970ae77,6852e2b9408bcbf69818d9ca,6852dbf5c4a6f8d1a81074f9,6852dbf5c4a6f8d1a81074f7,8912,Compra,305,Confirmado,2024-12-24T17:50:24.000Z,0
68530f0284273ee85970af10,6852e2b9408bcbf69818d9ca,6852dbf5c4a6f8d1a81074f9,6852dbf5c4a6f8d1a81074f7,14090,Compra,306,Confirmado,2024-12-26T13:23:44.000Z,0
68530f0284273ee85970afbb,6852e2b9408bcbf69818d9ca,6852dbf5c4a6f8d1a81074f9,6852dbf5c4a6f8d1a81074f7,2208,Compra,307,Confirmado,2024-12-24T11:05:27.000Z,0
68530f0284273ee85970afdc,6852e2b9408bcbf69818d9ca,6852dbf5c4a6f8d1a81074f9,6852dbf5c4a6f8d1a81074f7,3864,Compra,308,Confirmado,2024-12-13T14:07:56.000Z,0
68530f0284273ee85970b00b,6852e2b9408bcbf69818d9ca,6852dbf5c4a6f8d1a81074f9,6852dbf5c4a6f8d1a81074f7,6896,Compra,309,Confirmado,2024-12-12T16:57:27.000Z,0
68530f0284273ee85970b062,6852e2b9408bcbf69818d9ca,6852dbf5c4a6f8d1a81074f9,6852dbf5c4a6f8d1a81074f7,8364,Compra,310,Confirmado,2024-12-20T14:18:24.000Z,0
68530f0284273ee85970b0f9,6852e2b9408bcbf69818d9ca,6852dbf5c4a6f8d1a81074f9,6852dbf5c4a6f8d1a81074f7,11272,Compra,311,Confirmado,2024-12-19T15:39:34.000Z,0
68530f0284273ee85970b170,6852e2b9408bcbf69818d9ca,6852dbf5c4a6f8d1a81074f9,6852dbf5c4a6f8d1a81074f7,3306,Compra,312,Confirmado,2024-12-20T11:36:06.000Z,0
68530f0284273ee85970b1ab,6852e2b9408bcbf69818d9ca,6852dbf5c4a6f8d1a81074f9,6852dbf5c4a6f8d1a81074f7,9216,Compra,313,Confirmado,2024-12-13T10:44:29.000Z,0
68530f0284273ee85970b204,6852e2b9408bcbf69818d9ca,6852dbf5c4a6f8d1a81074f9,6852dbf5c4a6f8d1a81074f7,13436,Compra,314,Confirmado,2024-12-09T13:54:42.000Z,0
68530f0284273ee85970b261,6852e2b9408bcbf69818d9ca,6852dbf5c4a6f8d1a81074f9,6852dbf5c4a6f8d1a81074f7,4002,Compra,315,Confirmado,2024-12-09T08:02:05.000Z,0
68530f0284273ee85970b290,6852e2b9408bcbf69818d9ca,6852dbf5c4a6f8d1a81074f9,6852dbf5c4a6f8d1a81074f7,15712,Compra,316,Confirmado,2024-12-24T09:14:35.000Z,0
68530f0284273ee85970b301,6852e2b9408bcbf69818d9ca,6852dbf5c4a6f8d1a81074f9,6852dbf5c4a6f8d1a81074f7,2430,Compra,317,Confirmado,2024-12-03T11:18:05.000Z,0
68530f0284273ee85970b320,6852e2b9408bcbf69818d9ca,6852dbf5c4a6f8d1a81074f9,6852dbf5c4a6f8d1a81074f7,7092,Compra,318,Confirmado,2024-12-13T15:45:11.000Z,0
68530f0284273ee85970b381,6852e2b9408bcbf69818d9ca,6852dbf5c4a6f8d1a81074f9,6852dbf5c4a6f8d1a81074f7,6440,Compra,319,Confirmado,2024-12-09T14:51:43.000Z,0
68530f0284273ee85970b3dc,6852e2b9408bcbf69818d9ca,6852dbf5c4a6f8d1a81074f9,6852dbf5c4a6f8d1a81074f7,14352,Compra,320,Confirmado,2024-12-11T12:02:17.000Z,0
68530f0384273ee85970b445,6852e2b9408bcbf69818d9ca,6852dbf5c4a6f8d1a81074f9,6852dbf5c4a6f8d1a81074f7,2860,Compra,321,Confirmado,2024-12-18T15:12:00.000Z,0
68530f0384273ee85970b47a,6852e2b9408bcbf69818d9ca,6852dbf5c4a6f8d1a81074f9,6852dbf5c4a6f8d1a81074f7,7700,Compra,322,Confirmado,2024-12-31T13:34:34.000Z,0
68530f0384273ee85970b4f7,6852e2b9408bcbf69818d9ca,6852dbf5c4a6f8d1a81074f9,6852dbf5c4a6f8d1a81074f7,6608,Compra,323,Confirmado,2024-12-04T15:06:22.000Z,0
68530f0384273ee85970b548,6852e2b9408bcbf69818d9ca,6852dbf5c4a6f8d1a81074f9,6852dbf5c4a6f8d1a81074f7,3752,Compra,324,Confirmado,2024-12-26T08:22:15.000Z,0
68530f0384273ee85970b581,6852e2b9408bcbf69818d9ca,6852dbf5c4a6f8d1a81074f9,6852dbf5c4a6f8d1a81074f7,7256,Compra,325,Confirmado,2024-12-09T17:54:41.000Z,0
68530f0384273ee85970b5e0,6852e2b9408bcbf69818d9ca,6852dbf5c4a6f8d1a81074f9,6852dbf5c4a6f8d1a81074f7,11432,Compra,326,Confirmado,2024-12-05T17:22:08.000Z,0
68530f0384273ee85970b649,6852e2b9408bcbf69818d9ca,6852dbf5c4a6f8d1a81074f9,6852dbf5c4a6f8d1a81074f7,4576,Compra,327,Confirmado,2024-12-24T17:18:19.000Z,0
68530f0384273ee85970b676,6852e2b9408bcbf69818d9ca,6852dbf5c4a6f8d1a81074f9,6852dbf5c4a6f8d1a81074f7,6844,Compra,328,Confirmado,2024-12-02T17:43:35.000Z,0
68530f0384273ee85970b6c9,6852e2b9408bcbf69818d9ca,6852dbf5c4a6f8d1a81074f9,6852dbf5c4a6f8d1a81074f7,6766,Compra,329,Confirmado,2024-12-17T14:38:37.000Z,0
68530f0384273ee85970b724,6852e2b9408bcbf69818d9ca,6852dbf5c4a6f8d1a81074f9,6852dbf5c4a6f8d1a81074f7,9860,Compra,330,Confirmado,2024-12-23T11:24:04.000Z,0
68530f0384273ee85970b79f,6852e2b9408bcbf69818d9ca,6852dbf5c4a6f8d1a81074f9,6852dbf5c4a6f8d1a81074f7,2736,Compra,331,Confirmado,2024-12-31T13:00:53.000Z,0
68530f0384273ee85970b7c6,6852e2b9408bcbf69818d9ca,6852dbf5c4a6f8d1a81074f9,6852dbf5c4a6f8d1a81074f7,5200,Compra,332,Confirmado,2024-12-12T16:24:46.000Z,0
68530f0384273ee85970b7fb,6852e2b9408bcbf69818d9ca,6852dbf5c4a6f8d1a81074f9,6852dbf5c4a6f8d1a81074f7,6976,Compra,333,Confirmado,2024-12-23T15:17:15.000Z,0
68530f0384273ee85970b848,6852e2b9408bcbf69818d9ca,6852dbf5c4a6f8d1a81074f9,6852dbf5c4a6f8d1a81074f7,13160,Compra,334,Confirmado,2024-12-25T10:36:39.000Z,0
68530f0384273ee85970b8ad,6852e2b9408bcbf69818d9ca,6852dbf5c4a6f8d1a81074f9,6852dbf5c4a6f8d1a81074f7,3024,Compra,335,Confirmado,2024-12-26T15:54:23.000Z,0
68530f0384273ee85970b8e4,6852e2b9408bcbf69818d9ca,6852dbf5c4a6f8d1a81074f9,6852dbf5c4a6f8d1a81074f7,6706,Compra,336,Confirmado,2024-12-25T08:38:41.000Z,0
68530f0384273ee85970b977,6852e2b9408bcbf69818d9ca,6852dbf5c4a6f8d1a81074f9,6852dbf5c4a6f8d1a81074f7,17440,Compra,337,Confirmado,2024-12-04T11:57:06.000Z,0
68530f0384273ee85970ba0c,6852e2b9408bcbf69818d9ca,6852dbf5c4a6f8d1a81074f9,6852dbf5c4a6f8d1a81074f7,4080,Compra,338,Confirmado,2024-12-27T17:40:22.000Z,0
68530f0384273ee85970ba49,6852e2b9408bcbf69818d9ca,6852dbf5c4a6f8d1a81074f9,6852dbf5c4a6f8d1a81074f7,13964,Compra,339,Confirmado,2024-12-06T15:34:17.000Z,0
68530f0384273ee85970baba,6852e2b9408bcbf69818d9ca,6852dbf5c4a6f8d1a81074f9,6852dbf5c4a6f8d1a81074f7,6954,Compra,340,Confirmado,2024-12-24T15:59:16.000Z,0
68530f0384273ee85970bb09,6852e2b9408bcbf69818d9ca,6852dbf5c4a6f8d1a81074f9,6852dbf5c4a6f8d1a81074f7,7434,Compra,341,Confirmado,2024-12-13T10:28:33.000Z,0
68530f0384273ee85970bb7c,6852e2b9408bcbf69818d9ca,6852dbf5c4a6f8d1a81074f9,6852dbf5c4a6f8d1a81074f7,1696,Compra,342,Confirmado,2024-12-18T09:48:40.000Z,0
68530f0384273ee85970bb9d,6852e2b9408bcbf69818d9ca,6852dbf5c4a6f8d1a81074f9,6852dbf5c4a6f8d1a81074f7,2080,Compra,343,Confirmado,2024-12-30T10:51:06.000Z,0
68530f0384273ee85970bbbe,6852e2b9408bcbf69818d9ca,6852dbf5c4a6f8d1a81074f9,6852dbf5c4a6f8d1a81074f7,3484,Compra,344,Confirmado,2024-12-03T11:02:46.000Z,0
68530f0384273ee85970bbed,6852e2b9408bcbf69818d9ca,6852dbf5c4a6f8d1a81074f9,6852dbf5c4a6f8d1a81074f7,3884,Compra,345,Confirmado,2024-12-10T14:29:57.000Z,0
68530f0384273ee85970bc1e,6852e2b9408bcbf69818d9ca,6852dbf5c4a6f8d1a81074f9,6852dbf5c4a6f8d1a81074f7,6084,Compra,346,Confirmado,2024-12-13T08:46:41.000Z,0
68530f0384273ee85970bc53,6852e2b9408bcbf69818d9ca,6852dbf5c4a6f8d1a81074f9,6852dbf5c4a6f8d1a81074f7,3366,Compra,347,Confirmado,2024-12-24T10:57:54.000Z,0
68530f0384273ee85970bc7e,6852e2b9408bcbf69818d9ca,6852dbf5c4a6f8d1a81074f9,6852dbf5c4a6f8d1a81074f7,5456,Compra,348,Confirmado,2024-12-02T14:44:59.000Z,0
68530f0384273ee85970bca7,6852e2b9408bcbf69818d9ca,6852dbf5c4a6f8d1a81074f9,6852dbf5c4a6f8d1a81074f7,1350,Compra,349,Confirmado,2024-12-19T08:54:51.000Z,0
68530f0384273ee85970bcc6,6852e2b9408bcbf69818d9ca,6852dbf5c4a6f8d1a81074f9,6852dbf5c4a6f8d1a81074f7,3584,Compra,350,Confirmado,2024-12-04T16:15:25.000Z,0
68530f0384273ee85970bce3,6852e2b9408bcbf69818d9ca,6852dbf5c4a6f8d1a81074f9,6852dbf5c4a6f8d1a81074f7,8408,Compra,351,Confirmado,2024-12-12T14:12:31.000Z,0
68530f0384273ee85970bd2c,6852e2b9408bcbf69818d9ca,6852dbf5c4a6f8d1a81074f9,6852dbf5c4a6f8d1a81074f7,4730,Compra,352,Confirmado,2024-12-26T13:08:32.000Z,0
68530f0384273ee85970bd63,6852e2b9408bcbf69818d9ca,6852dbf5c4a6f8d1a81074f9,6852dbf5c4a6f8d1a81074f7,1996,Compra,353,Confirmado,2024-12-06T09:33:21.000Z,0
68530f0384273ee85970bd80,6852e2b9408bcbf69818d9ca,6852dbf5c4a6f8d1a81074f9,6852dbf5c4a6f8d1a81074f7,5168,Compra,354,Confirmado,2024-12-18T08:14:25.000Z,0
68530f0384273ee85970bdad,6852e2b9408bcbf69818d9ca,6852dbf5c4a6f8d1a81074f9,6852dbf5c4a6f8d1a81074f7,1200,Compra,355,Confirmado,2024-12-13T10:05:22.000Z,0
68530f0384273ee85970bdbe,6852e2b9408bcbf69818d9ca,6852dbf5c4a6f8d1a81074f9,6852dbf5c4a6f8d1a81074f7,6790,Compra,356,Confirmado,2024-12-26T16:09:24.000Z,0
68530f0384273ee85970bdf3,6852e2b9408bcbf69818d9ca,6852dbf5c4a6f8d1a81074f9,6852dbf5c4a6f8d1a81074f7,1200,Compra,357,Confirmado,2024-12-02T08:32:11.000Z,0
68530f0384273ee85970be08,6852e2b9408bcbf69818d9ca,6852dbf5c4a6f8d1a81074f9,6852dbf5c4a6f8d1a81074f7,4010,Compra,358,Confirmado,2024-12-12T09:16:53.000Z,0
68530f0384273ee85970be27,6852e2b9408bcbf69818d9ca,6852dbf5c4a6f8d1a81074f9,6852dbf5c4a6f8d1a81074f7,4708,Compra,359,Confirmado,2024-12-09T13:16:25.000Z,0
68530f0384273ee85970be76,6852e2b9408bcbf69818d9ca,6852dbf5c4a6f8d1a81074f9,6852dbf5c4a6f8d1a81074f7,1288,Compra,360,Confirmado,2024-12-05T17:44:04.000Z,0
68530f0384273ee85970be93,6852e2b9408bcbf69818d9ca,6852dbf5c4a6f8d1a81074f9,6852dbf5c4a6f8d1a81074f7,6874,Compra,361,Confirmado,2024-12-18T09:43:35.000Z,0
68530f0384273ee85970bec6,6852e2b9408bcbf69818d9ca,6852dbf5c4a6f8d1a81074f9,6852dbf5c4a6f8d1a81074f7,5620,Compra,362,Confirmado,2024-12-02T10:25:37.000Z,0
68530f0384273ee85970bef5,6852e2b9408bcbf69818d9ca,6852dbf5c4a6f8d1a81074f9,6852dbf5c4a6f8d1a81074f7,2208,Compra,363,Confirmado,2024-12-27T13:40:01.000Z,0
68530f0384273ee85970bf0e,6852e2b9408bcbf69818d9ca,6852dbf5c4a6f8d1a81074f9,6852dbf5c4a6f8d1a81074f7,3690,Compra,364,Confirmado,2024-12-10T17:24:51.000Z,0
68530f0384273ee85970bf2d,6852e2b9408bcbf69818d9ca,6852dbf5c4a6f8d1a81074f9,6852dbf5c4a6f8d1a81074f7,5992,Compra,365,Confirmado,2024-12-09T14:38:29.000Z,0
68530f0384273ee85970bf58,6852e2b9408bcbf69818d9ca,6852dbf5c4a6f8d1a81074f9,6852dbf5c4a6f8d1a81074f7,6110,Compra,366,Confirmado,2024-12-04T15:18:44.000Z,0
68530f0384273ee85970bf89,6852e2b9408bcbf69818d9ca,6852dbf5c4a6f8d1a81074f9,6852dbf5c4a6f8d1a81074f7,972,Compra,367,Confirmado,2024-12-10T17:40:31.000Z,0
68530f0384273ee85970bf9c,6852e2b9408bcbf69818d9ca,6852dbf5c4a6f8d1a81074f9,6852dbf5c4a6f8d1a81074f7,4944,Compra,368,Confirmado,2024-12-10T08:47:31.000Z,0
68530f0384273ee85970bfdb,6852e2b9408bcbf69818d9ca,6852dbf5c4a6f8d1a81074f9,6852dbf5c4a6f8d1a81074f7,920,Compra,369,Confirmado,2024-12-26T17:43:42.000Z,0
68530f0384273ee85970bff0,6852e2b9408bcbf69818d9ca,6852dbf5c4a6f8d1a81074f9,6852dbf5c4a6f8d1a81074f7,3888,Compra,370,Confirmado,2024-12-18T12:13:54.000Z,0
68530f0384273ee85970c02b,6852e2b9408bcbf69818d9ca,6852dbf5c4a6f8d1a81074f9,6852dbf5c4a6f8d1a81074f7,3890,Compra,371,Confirmado,2024-12-20T14:26:19.000Z,0
68530f0384273ee85970c078,6852e2b9408bcbf69818d9ca,6852dbf5c4a6f8d1a81074f9,6852dbf5c4a6f8d1a81074f7,4566,Compra,372,Confirmado,2024-12-17T12:23:51.000Z,0
68530f0484273ee85970c09f,6852e2b9408bcbf69818d9ca,6852dbf5c4a6f8d1a81074f9,6852dbf5c4a6f8d1a81074f7,2240,Compra,373,Confirmado,2024-12-19T08:15:18.000Z,0
68530f0484273ee85970c0b4,6852e2b9408bcbf69818d9ca,6852dbf5c4a6f8d1a81074f9,6852dbf5c4a6f8d1a81074f7,4840,Compra,374,Confirmado,2024-12-30T13:55:57.000Z,0
68530f0484273ee85970c0e7,6852e2b9408bcbf69818d9ca,6852dbf5c4a6f8d1a81074f9,6852dbf5c4a6f8d1a81074f7,2448,Compra,375,Confirmado,2024-12-19T15:31:10.000Z,0
68530f0484273ee85970c116,6852e2b9408bcbf69818d9ca,6852dbf5c4a6f8d1a81074f9,6852dbf5c4a6f8d1a81074f7,2354,Compra,376,Confirmado,2024-12-18T12:29:42.000Z,0
68530f0484273ee85970c12d,6852e2b9408bcbf69818d9ca,6852dbf5c4a6f8d1a81074f9,6852dbf5c4a6f8d1a81074f7,670,Compra,377,Confirmado,2024-12-19T09:27:49.000Z,0
68530f0484273ee85970c138,6852e2b9408bcbf69818d9ca,6852dbf5c4a6f8d1a81074f9,6852dbf5c4a6f8d1a81074f7,2690,Compra,378,Confirmado,2024-12-04T10:49:27.000Z,0
68530f0484273ee85970c161,6852e2b9408bcbf69818d9ca,6852dbf5c4a6f8d1a81074f9,6852dbf5c4a6f8d1a81074f7,2772,Compra,379,Confirmado,2024-12-31T15:10:50.000Z,0
68530f0484273ee85970c17e,6852e2b9408bcbf69818d9ca,6852dbf5c4a6f8d1a81074f9,6852dbf5c4a6f8d1a81074f7,1680,Compra,380,Confirmado,2024-12-06T13:07:42.000Z,0
68530f0484273ee85970c18b,6852e2b9408bcbf69818d9ca,6852dbf5c4a6f8d1a81074f9,6852dbf5c4a6f8d1a81074f7,3190,Compra,381,Confirmado,2024-12-31T13:08:40.000Z,0
68530f0484273ee85970c1a2,6852e2b9408bcbf69818d9ca,6852dbf5c4a6f8d1a81074f9,6852dbf5c4a6f8d1a81074f7,2794,Compra,382,Confirmado,2024-12-18T09:59:35.000Z,0
68530f0484273ee85970c1b9,6852e2b9408bcbf69818d9ca,6852dbf5c4a6f8d1a81074f9,6852dbf5c4a6f8d1a81074f7,1657,Compra,383,Confirmado,2025-01-29T16:09:05.000Z,0
68530f0484273ee85970c1cd,6852e2b9408bcbf69818d9ca,6852dbf5c4a6f8d1a81074f9,6852dbf5c4a6f8d1a81074f7,808,Compra,384,Confirmado,2025-01-31T08:13:39.000Z,0
68530f0484273ee85970c1db,6852e2b9408bcbf69818d9ca,6852dbf5c4a6f8d1a81074f9,6852dbf5c4a6f8d1a81074f7,2535,Compra,385,Confirmado,2025-01-13T08:08:12.000Z,0
68530f0484273ee85970c1f9,6852e2b9408bcbf69818d9ca,6852dbf5c4a6f8d1a81074f9,6852dbf5c4a6f8d1a81074f7,2176,Compra,386,Confirmado,2025-01-17T13:23:11.000Z,0
68530f0484273ee85970c20e,6852e2b9408bcbf69818d9ca,6852dbf5c4a6f8d1a81074f9,6852dbf5c4a6f8d1a81074f7,865,Compra,387,Confirmado,2025-01-31T13:02:25.000Z,0
68530f0484273ee85970c21c,6852e2b9408bcbf69818d9ca,6852dbf5c4a6f8d1a81074f9,6852dbf5c4a6f8d1a81074f7,486,Compra,388,Confirmado,2025-01-15T13:15:46.000Z,0
68530f0484273ee85970c223,6852e2b9408bcbf69818d9ca,6852dbf5c4a6f8d1a81074f9,6852dbf5c4a6f8d1a81074f7,1272,Compra,389,Confirmado,2025-01-31T16:23:43.000Z,0
68530f0484273ee85970c230,6852e2b9408bcbf69818d9ca,6852dbf5c4a6f8d1a81074f9,6852dbf5c4a6f8d1a81074f7,4562,Compra,390,Confirmado,2025-01-29T12:22:24.000Z,0
68530f0484273ee85970c251,6852e2b9408bcbf69818d9ca,6852dbf5c4a6f8d1a81074f9,6852dbf5c4a6f8d1a81074f7,2124,Compra,391,Confirmado,2025-01-28T13:28:07.000Z,0
68530f0484273ee85970c25e,6852e2b9408bcbf69818d9ca,6852dbf5c4a6f8d1a81074f9,6852dbf5c4a6f8d1a81074f7,2512,Compra,392,Confirmado,2025-01-31T10:59:50.000Z,0
68530f0484273ee85970c279,6852e2b9408bcbf69818d9ca,6852dbf5c4a6f8d1a81074f9,6852dbf5c4a6f8d1a81074f7,1548,Compra,393,Confirmado,2025-01-06T11:24:44.000Z,0
68530f0484273ee85970c285,6852e2b9408bcbf69818d9ca,6852dbf5c4a6f8d1a81074f9,6852dbf5c4a6f8d1a81074f7,1697,Compra,394,Confirmado,2025-01-21T08:39:34.000Z,0
68530f0484273ee85970c29d,6852e2b9408bcbf69818d9ca,6852dbf5c4a6f8d1a81074f9,6852dbf5c4a6f8d1a81074f7,504,Compra,395,Confirmado,2025-01-07T11:21:02.000Z,0
68530f0484273ee85970c2a5,6852e2b9408bcbf69818d9ca,6852dbf5c4a6f8d1a81074f9,6852dbf5c4a6f8d1a81074f7,1008,Compra,396,Confirmado,2025-01-27T17:24:01.000Z,0
68530f0484273ee85970c2b2,6852e2b9408bcbf69818d9ca,6852dbf5c4a6f8d1a81074f9,6852dbf5c4a6f8d1a81074f7,819,Compra,397,Confirmado,2025-01-17T08:44:14.000Z,0
68530f0484273ee85970c2c0,6852e2b9408bcbf69818d9ca,6852dbf5c4a6f8d1a81074f9,6852dbf5c4a6f8d1a81074f7,856,Compra,398,Confirmado,2025-01-13T17:45:48.000Z,0
68530f0484273ee85970c2c9,6852e2b9408bcbf69818d9ca,6852dbf5c4a6f8d1a81074f9,6852dbf5c4a6f8d1a81074f7,3153,Compra,399,Confirmado,2025-01-31T10:40:47.000Z,0
68530f0484273ee85970c2e8,6852e2b9408bcbf69818d9ca,6852dbf5c4a6f8d1a81074f9,6852dbf5c4a6f8d1a81074f7,1320,Compra,400,Confirmado,2025-01-22T11:59:33.000Z,0
68530f0484273ee85970c2f8,6852e2b9408bcbf69818d9ca,6852dbf5c4a6f8d1a81074f9,6852dbf5c4a6f8d1a81074f7,2157,Compra,401,Confirmado,2025-01-30T08:34:17.000Z,0
68530f0484273ee85970c30c,6852e2b9408bcbf69818d9ca,6852dbf5c4a6f8d1a81074f9,6852dbf5c4a6f8d1a81074f7,774,Compra,402,Confirmado,2025-01-17T17:05:30.000Z,0
68530f0484273ee85970c316,6852e2b9408bcbf69818d9ca,6852dbf5c4a6f8d1a81074f9,6852dbf5c4a6f8d1a81074f7,1916,Compra,403,Confirmado,2025-01-21T11:19:52.000Z,0
68530f0484273ee85970c32b,6852e2b9408bcbf69818d9ca,6852dbf5c4a6f8d1a81074f9,6852dbf5c4a6f8d1a81074f7,1667,Compra,404,Confirmado,2025-01-02T10:19:42.000Z,0
68530f0484273ee85970c347,6852e2b9408bcbf69818d9ca,6852dbf5c4a6f8d1a81074f9,6852dbf5c4a6f8d1a81074f7,871,Compra,405,Confirmado,2025-01-07T14:31:06.000Z,0
68530f0484273ee85970c355,6852e2b9408bcbf69818d9ca,6852dbf5c4a6f8d1a81074f9,6852dbf5c4a6f8d1a81074f7,260,Compra,406,Confirmado,2025-01-07T12:55:00.000Z,0
68530f0484273ee85970c35b,6852e2b9408bcbf69818d9ca,6852dbf5c4a6f8d1a81074f9,6852dbf5c4a6f8d1a81074f7,2118,Compra,407,Confirmado,2025-01-07T12:35:11.000Z,0
68530f0484273ee85970c36e,6852e2b9408bcbf69818d9ca,6852dbf5c4a6f8d1a81074f9,6852dbf5c4a6f8d1a81074f7,2639,Compra,408,Confirmado,2025-01-17T17:03:09.000Z,0
68530f0484273ee85970c38a,6852e2b9408bcbf69818d9ca,6852dbf5c4a6f8d1a81074f9,6852dbf5c4a6f8d1a81074f7,816,Compra,409,Confirmado,2025-01-02T13:00:09.000Z,0
68530f0484273ee85970c397,6852e2b9408bcbf69818d9ca,6852dbf5c4a6f8d1a81074f9,6852dbf5c4a6f8d1a81074f7,1894,Compra,410,Confirmado,2025-01-14T10:36:42.000Z,0
68530f0484273ee85970c3a7,6852e2b9408bcbf69818d9ca,6852dbf5c4a6f8d1a81074f9,6852dbf5c4a6f8d1a81074f7,4147,Compra,411,Confirmado,2025-01-29T08:45:10.000Z,0
68530f0484273ee85970c3c5,6852e2b9408bcbf69818d9ca,6852dbf5c4a6f8d1a81074f9,6852dbf5c4a6f8d1a81074f7,812,Compra,412,Confirmado,2025-01-13T16:51:27.000Z,0
68530f0484273ee85970c3cd,6852e2b9408bcbf69818d9ca,6852dbf5c4a6f8d1a81074f9,6852dbf5c4a6f8d1a81074f7,1480,Compra,413,Confirmado,2025-01-03T09:56:40.000Z,0
68530f0484273ee85970c3d8,6852e2b9408bcbf69818d9ca,6852dbf5c4a6f8d1a81074f9,6852dbf5c4a6f8d1a81074f7,1902,Compra,414,Confirmado,2025-01-10T11:55:06.000Z,0
68530f0484273ee85970c3ef,6852e2b9408bcbf69818d9ca,6852dbf5c4a6f8d1a81074f9,6852dbf5c4a6f8d1a81074f7,4410,Compra,415,Confirmado,2025-01-08T14:40:13.000Z,0
68530f0484273ee85970c411,6852e2b9408bcbf69818d9ca,6852dbf5c4a6f8d1a81074f9,6852dbf5c4a6f8d1a81074f7,1552,Compra,416,Confirmado,2025-01-22T13:03:18.000Z,0
68530f0484273ee85970c426,6852e2b9408bcbf69818d9ca,6852dbf5c4a6f8d1a81074f9,6852dbf5c4a6f8d1a81074f7,3629,Compra,417,Confirmado,2025-01-03T17:31:20.000Z,0
68530f0484273ee85970c446,6852e2b9408bcbf69818d9ca,6852dbf5c4a6f8d1a81074f9,6852dbf5c4a6f8d1a81074f7,552,Compra,418,Confirmado,2025-01-02T12:08:19.000Z,0
68530f0484273ee85970c44d,6852e2b9408bcbf69818d9ca,6852dbf5c4a6f8d1a81074f9,6852dbf5c4a6f8d1a81074f7,756,Compra,419,Confirmado,2025-01-21T09:04:01.000Z,0
68530f0484273ee85970c457,6852e2b9408bcbf69818d9ca,6852dbf5c4a6f8d1a81074f9,6852dbf5c4a6f8d1a81074f7,1800,Compra,420,Confirmado,2025-01-09T17:13:39.000Z,0
68530f0484273ee85970c464,6852e2b9408bcbf69818d9ca,6852dbf5c4a6f8d1a81074f9,6852dbf5c4a6f8d1a81074f7,7676,Compra,421,Confirmado,2025-02-21T13:16:52.000Z,0
68530f0484273ee85970c4e3,6852e2b9408bcbf69818d9ca,6852dbf5c4a6f8d1a81074f9,6852dbf5c4a6f8d1a81074f7,18460,Compra,422,Confirmado,2025-02-18T11:42:08.000Z,0
68530f0484273ee85970c56c,6852e2b9408bcbf69818d9ca,6852dbf5c4a6f8d1a81074f9,6852dbf5c4a6f8d1a81074f7,10472,Compra,423,Confirmado,2025-02-25T10:23:02.000Z,0
68530f0484273ee85970c5ff,6852e2b9408bcbf69818d9ca,6852dbf5c4a6f8d1a81074f9,6852dbf5c4a6f8d1a81074f7,2720,Compra,424,Confirmado,2025-02-25T15:26:35.000Z,0
68530f0484273ee85970c628,6852e2b9408bcbf69818d9ca,6852dbf5c4a6f8d1a81074f9,6852dbf5c4a6f8d1a81074f7,14370,Compra,425,Confirmado,2025-02-11T14:34:14.000Z,0
68530f0484273ee85970c6af,6852e2b9408bcbf69818d9ca,6852dbf5c4a6f8d1a81074f9,6852dbf5c4a6f8d1a81074f7,12854,Compra,426,Confirmado,2025-02-26T13:56:07.000Z,0
68530f0484273ee85970c71a,6852e2b9408bcbf69818d9ca,6852dbf5c4a6f8d1a81074f9,6852dbf5c4a6f8d1a81074f7,1920,Compra,427,Confirmado,2025-02-03T14:54:39.000Z,0
68530f0484273ee85970c743,6852e2b9408bcbf69818d9ca,6852dbf5c4a6f8d1a81074f9,6852dbf5c4a6f8d1a81074f7,1888,Compra,428,Confirmado,2025-02-20T11:27:52.000Z,0
68530f0484273ee85970c764,6852e2b9408bcbf69818d9ca,6852dbf5c4a6f8d1a81074f9,6852dbf5c4a6f8d1a81074f7,10440,Compra,429,Confirmado,2025-02-04T17:30:02.000Z,0
68530f0484273ee85970c7d9,6852e2b9408bcbf69818d9ca,6852dbf5c4a6f8d1a81074f9,6852dbf5c4a6f8d1a81074f7,4930,Compra,430,Confirmado,2025-02-25T17:05:24.000Z,0
68530f0484273ee85970c828,6852e2b9408bcbf69818d9ca,6852dbf5c4a6f8d1a81074f9,6852dbf5c4a6f8d1a81074f7,6906,Compra,431,Confirmado,2025-02-04T12:15:30.000Z,0
68530f0484273ee85970c8ad,6852e2b9408bcbf69818d9ca,6852dbf5c4a6f8d1a81074f9,6852dbf5c4a6f8d1a81074f7,22970,Compra,432,Confirmado,2025-02-03T09:03:45.000Z,0
68530f0484273ee85970c944,6852e2b9408bcbf69818d9ca,6852dbf5c4a6f8d1a81074f9,6852dbf5c4a6f8d1a81074f7,4860,Compra,433,Confirmado,2025-02-13T17:29:50.000Z,0
68530f0484273ee85970c9a3,6852e2b9408bcbf69818d9ca,6852dbf5c4a6f8d1a81074f9,6852dbf5c4a6f8d1a81074f7,4784,Compra,434,Confirmado,2025-02-18T16:41:29.000Z,0
68530f0484273ee85970c9d8,6852e2b9408bcbf69818d9ca,6852dbf5c4a6f8d1a81074f9,6852dbf5c4a6f8d1a81074f7,7504,Compra,435,Confirmado,2025-02-06T09:18:47.000Z,0
68530f0484273ee85970ca6d,6852e2b9408bcbf69818d9ca,6852dbf5c4a6f8d1a81074f9,6852dbf5c4a6f8d1a81074f7,7506,Compra,436,Confirmado,2025-02-12T08:44:15.000Z,0
68530f0484273ee85970caa4,6852e2b9408bcbf69818d9ca,6852dbf5c4a6f8d1a81074f9,6852dbf5c4a6f8d1a81074f7,5076,Compra,437,Confirmado,2025-02-18T10:01:15.000Z,0
68530f0484273ee85970cac9,6852e2b9408bcbf69818d9ca,6852dbf5c4a6f8d1a81074f9,6852dbf5c4a6f8d1a81074f7,17478,Compra,438,Confirmado,2025-02-03T09:45:09.000Z,0
68530f0484273ee85970cb3c,6852e2b9408bcbf69818d9ca,6852dbf5c4a6f8d1a81074f9,6852dbf5c4a6f8d1a81074f7,3540,Compra,439,Confirmado,2025-02-07T10:03:07.000Z,0
68530f0484273ee85970cb79,6852e2b9408bcbf69818d9ca,6852dbf5c4a6f8d1a81074f9,6852dbf5c4a6f8d1a81074f7,11620,Compra,440,Confirmado,2025-02-12T13:57:01.000Z,0
68530f0484273ee85970cc08,6852e2b9408bcbf69818d9ca,6852dbf5c4a6f8d1a81074f9,6852dbf5c4a6f8d1a81074f7,5892,Compra,441,Confirmado,2025-02-18T10:08:41.000Z,0
68530f0484273ee85970cc6f,6852e2b9408bcbf69818d9ca,6852dbf5c4a6f8d1a81074f9,6852dbf5c4a6f8d1a81074f7,5796,Compra,442,Confirmado,2025-02-28T08:28:59.000Z,0
68530f0484273ee85970ccd0,6852e2b9408bcbf69818d9ca,6852dbf5c4a6f8d1a81074f9,6852dbf5c4a6f8d1a81074f7,8752,Compra,443,Confirmado,2025-02-07T15:09:33.000Z,0
68530f0584273ee85970cd2b,6852e2b9408bcbf69818d9ca,6852dbf5c4a6f8d1a81074f9,6852dbf5c4a6f8d1a81074f7,7064,Compra,444,Confirmado,2025-02-27T08:50:45.000Z,0
68530f0584273ee85970cda0,6852e2b9408bcbf69818d9ca,6852dbf5c4a6f8d1a81074f9,6852dbf5c4a6f8d1a81074f7,9048,Compra,445,Confirmado,2025-02-26T16:08:07.000Z,0
68530f0584273ee85970ce21,6852e2b9408bcbf69818d9ca,6852dbf5c4a6f8d1a81074f9,6852dbf5c4a6f8d1a81074f7,3296,Compra,446,Confirmado,2025-02-18T09:37:56.000Z,0
68530f0584273ee85970ce6e,6852e2b9408bcbf69818d9ca,6852dbf5c4a6f8d1a81074f9,6852dbf5c4a6f8d1a81074f7,4350,Compra,447,Confirmado,2025-02-11T12:55:13.000Z,0
68530f0584273ee85970cea9,6852e2b9408bcbf69818d9ca,6852dbf5c4a6f8d1a81074f9,6852dbf5c4a6f8d1a81074f7,9222,Compra,448,Confirmado,2025-02-06T09:33:38.000Z,0
68530f0584273ee85970cef2,6852e2b9408bcbf69818d9ca,6852dbf5c4a6f8d1a81074f9,6852dbf5c4a6f8d1a81074f7,15778,Compra,449,Confirmado,2025-02-07T11:11:00.000Z,0
68530f0584273ee85970cf4f,6852e2b9408bcbf69818d9ca,6852dbf5c4a6f8d1a81074f9,6852dbf5c4a6f8d1a81074f7,13360,Compra,450,Confirmado,2025-02-10T09:28:31.000Z,0
68530f0584273ee85970cfbc,6852e2b9408bcbf69818d9ca,6852dbf5c4a6f8d1a81074f9,6852dbf5c4a6f8d1a81074f7,16176,Compra,451,Confirmado,2025-02-18T10:03:57.000Z,0
68530f0584273ee85970d019,6852e2b9408bcbf69818d9ca,6852dbf5c4a6f8d1a81074f9,6852dbf5c4a6f8d1a81074f7,2772,Compra,452,Confirmado,2025-02-10T08:13:51.000Z,0
68530f0584273ee85970d046,6852e2b9408bcbf69818d9ca,6852dbf5c4a6f8d1a81074f9,6852dbf5c4a6f8d1a81074f7,5358,Compra,453,Confirmado,2025-02-12T13:06:20.000Z,0
68530f0584273ee85970d091,6852e2b9408bcbf69818d9ca,6852dbf5c4a6f8d1a81074f9,6852dbf5c4a6f8d1a81074f7,3750,Compra,454,Confirmado,2025-02-07T14:46:41.000Z,0
68530f0584273ee85970d0c4,6852e2b9408bcbf69818d9ca,6852dbf5c4a6f8d1a81074f9,6852dbf5c4a6f8d1a81074f7,6054,Compra,455,Confirmado,2025-02-10T13:33:14.000Z,0
68530f0584273ee85970d131,6852e2b9408bcbf69818d9ca,6852dbf5c4a6f8d1a81074f9,6852dbf5c4a6f8d1a81074f7,5782,Compra,456,Confirmado,2025-02-05T15:42:12.000Z,0
68530f0584273ee85970d17e,6852e2b9408bcbf69818d9ca,6852dbf5c4a6f8d1a81074f9,6852dbf5c4a6f8d1a81074f7,3648,Compra,457,Confirmado,2025-02-05T11:48:36.000Z,0
68530f0584273ee85970d1af,6852e2b9408bcbf69818d9ca,6852dbf5c4a6f8d1a81074f9,6852dbf5c4a6f8d1a81074f7,3900,Compra,458,Confirmado,2025-02-14T15:46:42.000Z,0
68530f0584273ee85970d1e2,6852e2b9408bcbf69818d9ca,6852dbf5c4a6f8d1a81074f9,6852dbf5c4a6f8d1a81074f7,1694,Compra,459,Confirmado,2025-02-21T16:28:49.000Z,0
68530f0584273ee85970d1f9,6852e2b9408bcbf69818d9ca,6852dbf5c4a6f8d1a81074f9,6852dbf5c4a6f8d1a81074f7,7668,Compra,460,Confirmado,2025-02-07T10:21:32.000Z,0
68530f0584273ee85970d236,6852e2b9408bcbf69818d9ca,6852dbf5c4a6f8d1a81074f9,6852dbf5c4a6f8d1a81074f7,3230,Compra,461,Confirmado,2025-02-04T08:00:49.000Z,0
68530f0584273ee85970d261,6852e2b9408bcbf69818d9ca,6852dbf5c4a6f8d1a81074f9,6852dbf5c4a6f8d1a81074f7,3672,Compra,462,Confirmado,2025-02-03T09:30:34.000Z,0
68530f0584273ee85970d27a,6852e2b9408bcbf69818d9ca,6852dbf5c4a6f8d1a81074f9,6852dbf5c4a6f8d1a81074f7,4066,Compra,463,Confirmado,2025-02-25T11:11:21.000Z,0
68530f0584273ee85970d29d,6852e2b9408bcbf69818d9ca,6852dbf5c4a6f8d1a81074f9,6852dbf5c4a6f8d1a81074f7,3452,Compra,464,Confirmado,2025-02-21T14:21:30.000Z,0
68530f0584273ee85970d2d0,6852e2b9408bcbf69818d9ca,6852dbf5c4a6f8d1a81074f9,6852dbf5c4a6f8d1a81074f7,3684,Compra,465,Confirmado,2025-02-11T11:52:01.000Z,0
68530f0584273ee85970d301,6852e2b9408bcbf69818d9ca,6852dbf5c4a6f8d1a81074f9,6852dbf5c4a6f8d1a81074f7,3120,Compra,466,Confirmado,2025-02-18T14:53:50.000Z,0
68530f0584273ee85970d31c,6852e2b9408bcbf69818d9ca,6852dbf5c4a6f8d1a81074f9,6852dbf5c4a6f8d1a81074f7,2224,Compra,467,Confirmado,2025-02-10T08:52:34.000Z,0
68530f0584273ee85970d32d,6852e2b9408bcbf69818d9ca,6852dbf5c4a6f8d1a81074f9,6852dbf5c4a6f8d1a81074f7,2460,Compra,468,Confirmado,2025-02-10T13:44:21.000Z,0
68530f0584273ee85970d34c,6852e2b9408bcbf69818d9ca,6852dbf5c4a6f8d1a81074f9,6852dbf5c4a6f8d1a81074f7,882,Compra,469,Confirmado,2025-02-04T12:29:52.000Z,0
68530f0584273ee85970d35b,6852e2b9408bcbf69818d9ca,6852dbf5c4a6f8d1a81074f9,6852dbf5c4a6f8d1a81074f7,2124,Compra,470,Confirmado,2025-02-28T12:50:22.000Z,0
68530f0584273ee85970d374,6852e2b9408bcbf69818d9ca,6852dbf5c4a6f8d1a81074f9,6852dbf5c4a6f8d1a81074f7,3922,Compra,471,Confirmado,2025-02-27T17:18:57.000Z,0
68530f0584273ee85970d3ad,6852e2b9408bcbf69818d9ca,6852dbf5c4a6f8d1a81074f9,6852dbf5c4a6f8d1a81074f7,2370,Compra,472,Confirmado,2025-02-04T16:23:01.000Z,0
68530f0584273ee85970d3cc,6852e2b9408bcbf69818d9ca,6852dbf5c4a6f8d1a81074f9,6852dbf5c4a6f8d1a81074f7,2000,Compra,473,Confirmado,2025-02-27T12:06:42.000Z,0
68530f0584273ee85970d3e1,6852e2b9408bcbf69818d9ca,6852dbf5c4a6f8d1a81074f9,6852dbf5c4a6f8d1a81074f7,2790,Compra,474,Confirmado,2025-02-21T10:56:40.000Z,0
68530f0584273ee85970d400,6852e2b9408bcbf69818d9ca,6852dbf5c4a6f8d1a81074f9,6852dbf5c4a6f8d1a81074f7,4190,Compra,475,Confirmado,2025-02-24T08:34:35.000Z,0
68530f0584273ee85970d43d,6852e2b9408bcbf69818d9ca,6852dbf5c4a6f8d1a81074f9,6852dbf5c4a6f8d1a81074f7,5330,Compra,476,Confirmado,2025-02-24T09:09:20.000Z,0
68530f0584273ee85970d468,6852e2b9408bcbf69818d9ca,6852dbf5c4a6f8d1a81074f9,6852dbf5c4a6f8d1a81074f7,3834,Compra,477,Confirmado,2025-02-19T15:19:17.000Z,0
68530f0584273ee85970d499,6852e2b9408bcbf69818d9ca,6852dbf5c4a6f8d1a81074f9,6852dbf5c4a6f8d1a81074f7,5116,Compra,478,Confirmado,2025-02-26T14:37:44.000Z,0
68530f0584273ee85970d4d0,6852e2b9408bcbf69818d9ca,6852dbf5c4a6f8d1a81074f9,6852dbf5c4a6f8d1a81074f7,3926,Compra,479,Confirmado,2025-02-14T10:23:40.000Z,0
68530f0584273ee85970d4f1,6852e2b9408bcbf69818d9ca,6852dbf5c4a6f8d1a81074f9,6852dbf5c4a6f8d1a81074f7,1530,Compra,480,Confirmado,2025-02-24T14:54:39.000Z,0
68530f0584273ee85970d504,6852e2b9408bcbf69818d9ca,6852dbf5c4a6f8d1a81074f9,6852dbf5c4a6f8d1a81074f7,3296,Compra,481,Confirmado,2025-02-18T08:40:24.000Z,0
68530f0584273ee85970d51b,6852e2b9408bcbf69818d9ca,6852dbf5c4a6f8d1a81074f9,6852dbf5c4a6f8d1a81074f7,3588,Compra,482,Confirmado,2025-02-04T10:39:34.000Z,0
68530f0584273ee85970d536,6852e2b9408bcbf69818d9ca,6852dbf5c4a6f8d1a81074f9,6852dbf5c4a6f8d1a81074f7,1080,Compra,483,Confirmado,2025-02-04T09:50:06.000Z,0
68530f0584273ee85970d549,6852e2b9408bcbf69818d9ca,6852dbf5c4a6f8d1a81074f9,6852dbf5c4a6f8d1a81074f7,1960,Compra,484,Confirmado,2025-02-17T10:48:52.000Z,0
68530f0584273ee85970d566,6852e2b9408bcbf69818d9ca,6852dbf5c4a6f8d1a81074f9,6852dbf5c4a6f8d1a81074f7,1860,Compra,485,Confirmado,2025-02-26T10:45:43.000Z,0
68530f0584273ee85970d585,6852e2b9408bcbf69818d9ca,6852dbf5c4a6f8d1a81074f9,6852dbf5c4a6f8d1a81074f7,6130,Compra,486,Confirmado,2025-02-12T10:35:28.000Z,0
68530f0584273ee85970d5b8,6852e2b9408bcbf69818d9ca,6852dbf5c4a6f8d1a81074f9,6852dbf5c4a6f8d1a81074f7,5600,Compra,487,Confirmado,2025-02-26T12:22:09.000Z,0
68530f0584273ee85970d5e3,6852e2b9408bcbf69818d9ca,6852dbf5c4a6f8d1a81074f9,6852dbf5c4a6f8d1a81074f7,3916,Compra,488,Confirmado,2025-02-07T13:17:03.000Z,0
68530f0584273ee85970d5fa,6852e2b9408bcbf69818d9ca,6852dbf5c4a6f8d1a81074f9,6852dbf5c4a6f8d1a81074f7,2754,Compra,489,Confirmado,2025-02-04T13:42:16.000Z,0
68530f0584273ee85970d60d,6852e2b9408bcbf69818d9ca,6852dbf5c4a6f8d1a81074f9,6852dbf5c4a6f8d1a81074f7,3234,Compra,490,Confirmado,2025-02-03T09:28:08.000Z,0
68530f0584273ee85970d63a,6852e2b9408bcbf69818d9ca,6852dbf5c4a6f8d1a81074f9,6852dbf5c4a6f8d1a81074f7,5456,Compra,491,Confirmado,2025-02-27T13:56:24.000Z,0
68530f0584273ee85970d667,6852e2b9408bcbf69818d9ca,6852dbf5c4a6f8d1a81074f9,6852dbf5c4a6f8d1a81074f7,1992,Compra,492,Confirmado,2025-02-13T12:02:41.000Z,0
68530f0584273ee85970d680,6852e2b9408bcbf69818d9ca,6852dbf5c4a6f8d1a81074f9,6852dbf5c4a6f8d1a81074f7,2358,Compra,493,Confirmado,2025-02-10T15:46:16.000Z,0
68530f0584273ee85970d6ab,6852e2b9408bcbf69818d9ca,6852dbf5c4a6f8d1a81074f9,6852dbf5c4a6f8d1a81074f7,820,Compra,494,Confirmado,2025-02-11T10:23:54.000Z,0
68530f0584273ee85970d6c0,6852e2b9408bcbf69818d9ca,6852dbf5c4a6f8d1a81074f9,6852dbf5c4a6f8d1a81074f7,2076,Compra,495,Confirmado,2025-02-05T16:56:05.000Z,0
68530f0584273ee85970d6eb,6852e2b9408bcbf69818d9ca,6852dbf5c4a6f8d1a81074f9,6852dbf5c4a6f8d1a81074f7,1140,Compra,496,Confirmado,2025-02-13T09:21:21.000Z,0
68530f0584273ee85970d700,6852e2b9408bcbf69818d9ca,6852dbf5c4a6f8d1a81074f9,6852dbf5c4a6f8d1a81074f7,5586,Compra,497,Confirmado,2025-02-04T16:35:18.000Z,0
68530f0584273ee85970d74d,6852e2b9408bcbf69818d9ca,6852dbf5c4a6f8d1a81074f9,6852dbf5c4a6f8d1a81074f7,1696,Compra,498,Confirmado,2025-02-07T15:54:31.000Z,0
68530f0584273ee85970d75e,6852e2b9408bcbf69818d9ca,6852dbf5c4a6f8d1a81074f9,6852dbf5c4a6f8d1a81074f7,4092,Compra,499,Confirmado,2025-02-19T08:14:39.000Z,0
68530f0684273ee85970d78b,6852e2b9408bcbf69818d9ca,6852dbf5c4a6f8d1a81074f9,6852dbf5c4a6f8d1a81074f7,1314,Compra,500,Confirmado,2025-02-26T10:15:26.000Z,0
68530f0684273ee85970d79e,6852e2b9408bcbf69818d9ca,6852dbf5c4a6f8d1a81074f9,6852dbf5c4a6f8d1a81074f7,950,Compra,501,Confirmado,2025-02-24T08:24:14.000Z,0
68530f0684273ee85970d7a9,6852e2b9408bcbf69818d9ca,6852dbf5c4a6f8d1a81074f9,6852dbf5c4a6f8d1a81074f7,2928,Compra,502,Confirmado,2025-02-17T17:59:02.000Z,0
68530f0684273ee85970d7c2,6852e2b9408bcbf69818d9ca,6852dbf5c4a6f8d1a81074f9,6852dbf5c4a6f8d1a81074f7,4426,Compra,503,Confirmado,2025-02-03T11:45:49.000Z,0
68530f0684273ee85970d7f7,6852e2b9408bcbf69818d9ca,6852dbf5c4a6f8d1a81074f9,6852dbf5c4a6f8d1a81074f7,3644,Compra,504,Confirmado,2025-02-14T13:08:37.000Z,0
68530f0684273ee85970d82c,6852e2b9408bcbf69818d9ca,6852dbf5c4a6f8d1a81074f9,6852dbf5c4a6f8d1a81074f7,5084,Compra,505,Confirmado,2025-02-07T11:33:58.000Z,0
68530f0684273ee85970d859,6852e2b9408bcbf69818d9ca,6852dbf5c4a6f8d1a81074f9,6852dbf5c4a6f8d1a81074f7,3158,Compra,506,Confirmado,2025-02-06T15:46:33.000Z,0
68530f0684273ee85970d888,6852e2b9408bcbf69818d9ca,6852dbf5c4a6f8d1a81074f9,6852dbf5c4a6f8d1a81074f7,1668,Compra,507,Confirmado,2025-02-12T09:35:07.000Z,0
68530f0684273ee85970d895,6852e2b9408bcbf69818d9ca,6852dbf5c4a6f8d1a81074f9,6852dbf5c4a6f8d1a81074f7,3200,Compra,508,Confirmado,2025-02-27T08:53:57.000Z,0
68530f0684273ee85970d8aa,6852e2b9408bcbf69818d9ca,6852dbf5c4a6f8d1a81074f9,6852dbf5c4a6f8d1a81074f7,4264,Compra,509,Confirmado,2025-02-19T09:57:10.000Z,0
68530f0684273ee85970d8e7,6852e2b9408bcbf69818d9ca,6852dbf5c4a6f8d1a81074f9,6852dbf5c4a6f8d1a81074f7,5632,Compra,510,Confirmado,2025-02-07T16:47:46.000Z,0
68530f0684273ee85970d920,6852e2b9408bcbf69818d9ca,6852dbf5c4a6f8d1a81074f9,6852dbf5c4a6f8d1a81074f7,3396,Compra,511,Confirmado,2025-02-27T09:54:48.000Z,0
68530f0684273ee85970d94d,6852e2b9408bcbf69818d9ca,6852dbf5c4a6f8d1a81074f9,6852dbf5c4a6f8d1a81074f7,1395,Compra,512,Confirmado,2025-03-26T09:46:17.000Z,0
68530f0684273ee85970d95d,6852e2b9408bcbf69818d9ca,6852dbf5c4a6f8d1a81074f9,6852dbf5c4a6f8d1a81074f7,3612,Compra,513,Confirmado,2025-03-10T09:46:17.000Z,0
68530f0684273ee85970d988,6852e2b9408bcbf69818d9ca,6852dbf5c4a6f8d1a81074f9,6852dbf5c4a6f8d1a81074f7,4664,Compra,514,Confirmado,2025-03-04T17:07:59.000Z,0
68530f0684273ee85970d9b1,6852e2b9408bcbf69818d9ca,6852dbf5c4a6f8d1a81074f9,6852dbf5c4a6f8d1a81074f7,3491,Compra,515,Confirmado,2025-03-18T08:00:48.000Z,0
68530f0684273ee85970d9ce,6852e2b9408bcbf69818d9ca,6852dbf5c4a6f8d1a81074f9,6852dbf5c4a6f8d1a81074f7,1806,Compra,516,Confirmado,2025-03-20T16:35:24.000Z,0
68530f0684273ee85970d9e4,6852e2b9408bcbf69818d9ca,6852dbf5c4a6f8d1a81074f9,6852dbf5c4a6f8d1a81074f7,2592,Compra,517,Confirmado,2025-03-12T08:25:13.000Z,0
68530f0684273ee85970d9f5,6852e2b9408bcbf69818d9ca,6852dbf5c4a6f8d1a81074f9,6852dbf5c4a6f8d1a81074f7,693,Compra,518,Confirmado,2025-03-03T13:49:09.000Z,0
68530f0684273ee85970d9ff,6852e2b9408bcbf69818d9ca,6852dbf5c4a6f8d1a81074f9,6852dbf5c4a6f8d1a81074f7,1215,Compra,519,Confirmado,2025-03-18T14:19:38.000Z,0
68530f0684273ee85970da0f,6852e2b9408bcbf69818d9ca,6852dbf5c4a6f8d1a81074f9,6852dbf5c4a6f8d1a81074f7,1689,Compra,520,Confirmado,2025-03-05T15:48:56.000Z,0
68530f0684273ee85970da2c,6852e2b9408bcbf69818d9ca,6852dbf5c4a6f8d1a81074f9,6852dbf5c4a6f8d1a81074f7,2776,Compra,521,Confirmado,2025-03-26T15:42:38.000Z,0
68530f0684273ee85970da49,6852e2b9408bcbf69818d9ca,6852dbf5c4a6f8d1a81074f9,6852dbf5c4a6f8d1a81074f7,2250,Compra,522,Confirmado,2025-03-28T14:59:06.000Z,0
68530f0684273ee85970da69,6852e2b9408bcbf69818d9ca,6852dbf5c4a6f8d1a81074f9,6852dbf5c4a6f8d1a81074f7,2238,Compra,523,Confirmado,2025-03-26T09:23:26.000Z,0
68530f0684273ee85970da81,6852e2b9408bcbf69818d9ca,6852dbf5c4a6f8d1a81074f9,6852dbf5c4a6f8d1a81074f7,4166,Compra,524,Confirmado,2025-03-12T16:13:44.000Z,0
68530f0684273ee85970daa7,6852e2b9408bcbf69818d9ca,6852dbf5c4a6f8d1a81074f9,6852dbf5c4a6f8d1a81074f7,5075,Compra,525,Confirmado,2025-03-06T10:26:41.000Z,0
68530f0684273ee85970dad0,6852e2b9408bcbf69818d9ca,6852dbf5c4a6f8d1a81074f9,6852dbf5c4a6f8d1a81074f7,1278,Compra,526,Confirmado,2025-03-31T12:26:26.000Z,0
68530f0684273ee85970dae3,6852e2b9408bcbf69818d9ca,6852dbf5c4a6f8d1a81074f9,6852dbf5c4a6f8d1a81074f7,880,Compra,527,Confirmado,2025-03-27T09:28:58.000Z,0
68530f0684273ee85970daee,6852e2b9408bcbf69818d9ca,6852dbf5c4a6f8d1a81074f9,6852dbf5c4a6f8d1a81074f7,1387,Compra,528,Confirmado,2025-03-26T16:02:14.000Z,0
68530f0684273ee85970db02,6852e2b9408bcbf69818d9ca,6852dbf5c4a6f8d1a81074f9,6852dbf5c4a6f8d1a81074f7,1335,Compra,529,Confirmado,2025-03-04T12:50:18.000Z,0
68530f0684273ee85970db12,6852e2b9408bcbf69818d9ca,6852dbf5c4a6f8d1a81074f9,6852dbf5c4a6f8d1a81074f7,1131,Compra,530,Confirmado,2025-03-28T08:23:04.000Z,0
68530f0684273ee85970db20,6852e2b9408bcbf69818d9ca,6852dbf5c4a6f8d1a81074f9,6852dbf5c4a6f8d1a81074f7,3206,Compra,531,Confirmado,2025-03-28T12:30:03.000Z,0
68530f0684273ee85970db43,6852e2b9408bcbf69818d9ca,6852dbf5c4a6f8d1a81074f9,6852dbf5c4a6f8d1a81074f7,1680,Compra,532,Confirmado,2025-03-31T10:56:31.000Z,0
68530f0684273ee85970db50,6852e2b9408bcbf69818d9ca,6852dbf5c4a6f8d1a81074f9,6852dbf5c4a6f8d1a81074f7,3508,Compra,533,Confirmado,2025-03-20T11:08:47.000Z,0
68530f0684273ee85970db75,6852e2b9408bcbf69818d9ca,6852dbf5c4a6f8d1a81074f9,6852dbf5c4a6f8d1a81074f7,4140,Compra,534,Confirmado,2025-03-07T12:54:04.000Z,0
68530f0684273ee85970db94,6852e2b9408bcbf69818d9ca,6852dbf5c4a6f8d1a81074f9,6852dbf5c4a6f8d1a81074f7,3210,Compra,535,Confirmado,2025-03-18T09:05:48.000Z,0
68530f0684273ee85970dbaa,6852e2b9408bcbf69818d9ca,6852dbf5c4a6f8d1a81074f9,6852dbf5c4a6f8d1a81074f7,2336,Compra,536,Confirmado,2025-03-31T15:52:04.000Z,0
68530f0684273ee85970dbbb,6852e2b9408bcbf69818d9ca,6852dbf5c4a6f8d1a81074f9,6852dbf5c4a6f8d1a81074f7,1425,Compra,537,Confirmado,2025-03-14T15:56:55.000Z,0
68530f0684273ee85970dbcf,6852e2b9408bcbf69818d9ca,6852dbf5c4a6f8d1a81074f9,6852dbf5c4a6f8d1a81074f7,3120,Compra,538,Confirmado,2025-03-03T17:51:09.000Z,0
68530f0684273ee85970dbff,6852e2b9408bcbf69818d9ca,6852dbf5c4a6f8d1a81074f9,6852dbf5c4a6f8d1a81074f7,1936,Compra,539,Confirmado,2025-03-10T09:36:36.000Z,0
68530f0684273ee85970dc1c,6852e2b9408bcbf69818d9ca,6852dbf5c4a6f8d1a81074f9,6852dbf5c4a6f8d1a81074f7,3410,Compra,540,Confirmado,2025-03-18T08:12:48.000Z,0
68530f0684273ee85970dc33,6852e2b9408bcbf69818d9ca,6852dbf5c4a6f8d1a81074f9,6852dbf5c4a6f8d1a81074f7,3787,Compra,541,Confirmado,2025-03-26T17:54:33.000Z,0
68530f0684273ee85970dc59,6852e2b9408bcbf69818d9ca,6852dbf5c4a6f8d1a81074f9,6852dbf5c4a6f8d1a81074f7,2532,Compra,542,Confirmado,2025-03-18T13:29:52.000Z,0
68530f0684273ee85970dc81,6852e2b9408bcbf69818d9ca,6852dbf5c4a6f8d1a81074f9,6852dbf5c4a6f8d1a81074f7,5830,Compra,543,Confirmado,2025-03-05T16:12:26.000Z,0
68530f0684273ee85970dcad,6852e2b9408bcbf69818d9ca,6852dbf5c4a6f8d1a81074f9,6852dbf5c4a6f8d1a81074f7,3498,Compra,544,Confirmado,2025-03-07T13:59:29.000Z,0
68530f0684273ee85970dcd9,6852e2b9408bcbf69818d9ca,6852dbf5c4a6f8d1a81074f9,6852dbf5c4a6f8d1a81074f7,1949,Compra,545,Confirmado,2025-03-24T15:13:28.000Z,0
68530f0684273ee85970dcf3,6852e2b9408bcbf69818d9ca,6852dbf5c4a6f8d1a81074f9,6852dbf5c4a6f8d1a81074f7,3036,Compra,546,Confirmado,2025-03-13T12:11:41.000Z,0
68530f0684273ee85970dd16,6852e2b9408bcbf69818d9ca,6852dbf5c4a6f8d1a81074f9,6852dbf5c4a6f8d1a81074f7,779,Compra,547,Confirmado,2025-03-03T15:17:04.000Z,0
68530f0684273ee85970dd2a,6852e2b9408bcbf69818d9ca,6852dbf5c4a6f8d1a81074f9,6852dbf5c4a6f8d1a81074f7,4664,Compra,548,Confirmado,2025-03-14T10:01:33.000Z,0
68530f0684273ee85970dd5f,6852e2b9408bcbf69818d9ca,6852dbf5c4a6f8d1a81074f9,6852dbf5c4a6f8d1a81074f7,1449,Compra,549,Confirmado,2025-03-04T17:59:04.000Z,0
68530f0684273ee85970dd73,6852e2b9408bcbf69818d9ca,6852dbf5c4a6f8d1a81074f9,6852dbf5c4a6f8d1a81074f7,2567,Compra,550,Confirmado,2025-03-31T12:35:42.000Z,0
68530f0684273ee85970dda9,6852e2b9408bcbf69818d9ca,6852dbf5c4a6f8d1a81074f9,6852dbf5c4a6f8d1a81074f7,1092,Compra,551,Confirmado,2025-03-31T12:17:30.000Z,0
68530f0684273ee85970ddb6,6852e2b9408bcbf69818d9ca,6852dbf5c4a6f8d1a81074f9,6852dbf5c4a6f8d1a81074f7,3058,Compra,552,Confirmado,2025-03-28T14:02:10.000Z,0
68530f0684273ee85970dddd,6852e2b9408bcbf69818d9ca,6852dbf5c4a6f8d1a81074f9,6852dbf5c4a6f8d1a81074f7,2250,Compra,553,Confirmado,2025-03-04T15:35:51.000Z,0
68530f0684273ee85970ddf0,6852e2b9408bcbf69818d9ca,6852dbf5c4a6f8d1a81074f9,6852dbf5c4a6f8d1a81074f7,3493,Compra,554,Confirmado,2025-03-25T14:56:08.000Z,0
68530f0684273ee85970de10,6852e2b9408bcbf69818d9ca,6852dbf5c4a6f8d1a81074f9,6852dbf5c4a6f8d1a81074f7,2777,Compra,555,Confirmado,2025-03-28T11:25:21.000Z,0
68530f0684273ee85970de30,6852e2b9408bcbf69818d9ca,6852dbf5c4a6f8d1a81074f9,6852dbf5c4a6f8d1a81074f7,656,Compra,556,Confirmado,2025-03-12T16:24:37.000Z,0
68530f0684273ee85970de41,6852e2b9408bcbf69818d9ca,6852dbf5c4a6f8d1a81074f9,6852dbf5c4a6f8d1a81074f7,1856,Compra,557,Confirmado,2025-03-07T17:53:32.000Z,0
68530f0684273ee85970de52,6852e2b9408bcbf69818d9ca,6852dbf5c4a6f8d1a81074f9,6852dbf5c4a6f8d1a81074f7,1495,Compra,558,Confirmado,2025-03-11T08:08:53.000Z,0
68530f0684273ee85970de6c,6852e2b9408bcbf69818d9ca,6852dbf5c4a6f8d1a81074f9,6852dbf5c4a6f8d1a81074f7,1573,Compra,559,Confirmado,2025-03-07T16:46:49.000Z,0
68530f0684273ee85970de80,6852e2b9408bcbf69818d9ca,6852dbf5c4a6f8d1a81074f9,6852dbf5c4a6f8d1a81074f7,6282,Compra,560,Confirmado,2025-03-17T12:15:25.000Z,0
68530f0684273ee85970deac,6852e2b9408bcbf69818d9ca,6852dbf5c4a6f8d1a81074f9,6852dbf5c4a6f8d1a81074f7,1376,Compra,561,Confirmado,2025-03-07T11:12:10.000Z,0
68530f0684273ee85970debd,6852e2b9408bcbf69818d9ca,6852dbf5c4a6f8d1a81074f9,6852dbf5c4a6f8d1a81074f7,2461,Compra,562,Confirmado,2025-03-26T13:14:06.000Z,0
68530f0684273ee85970dee9,6852e2b9408bcbf69818d9ca,6852dbf5c4a6f8d1a81074f9,6852dbf5c4a6f8d1a81074f7,1764,Compra,563,Confirmado,2025-03-05T15:34:24.000Z,0
68530f0684273ee85970deff,6852e2b9408bcbf69818d9ca,6852dbf5c4a6f8d1a81074f9,6852dbf5c4a6f8d1a81074f7,3984,Compra,564,Confirmado,2025-03-07T16:03:53.000Z,0
68530f0684273ee85970df21,6852e2b9408bcbf69818d9ca,6852dbf5c4a6f8d1a81074f9,6852dbf5c4a6f8d1a81074f7,984,Compra,565,Confirmado,2025-03-18T10:47:42.000Z,0
68530f0684273ee85970df2e,6852e2b9408bcbf69818d9ca,6852dbf5c4a6f8d1a81074f9,6852dbf5c4a6f8d1a81074f7,7966,Compra,566,Confirmado,2025-03-20T13:22:14.000Z,0
68530f0684273ee85970df62,6852e2b9408bcbf69818d9ca,6852dbf5c4a6f8d1a81074f9,6852dbf5c4a6f8d1a81074f7,2760,Compra,567,Confirmado,2025-03-20T14:04:27.000Z,0
68530f0684273ee85970df7e,6852e2b9408bcbf69818d9ca,6852dbf5c4a6f8d1a81074f9,6852dbf5c4a6f8d1a81074f7,3818,Compra,568,Confirmado,2025-03-14T14:03:35.000Z,0
68530f0684273ee85970df9e,6852e2b9408bcbf69818d9ca,6852dbf5c4a6f8d1a81074f9,6852dbf5c4a6f8d1a81074f7,2741,Compra,569,Confirmado,2025-03-27T14:25:43.000Z,0
68530f0684273ee85970dfc5,6852e2b9408bcbf69818d9ca,6852dbf5c4a6f8d1a81074f9,6852dbf5c4a6f8d1a81074f7,1216,Compra,570,Confirmado,2025-03-26T12:02:57.000Z,0
68530f0684273ee85970dfd6,6852e2b9408bcbf69818d9ca,6852dbf5c4a6f8d1a81074f9,6852dbf5c4a6f8d1a81074f7,1552,Compra,571,Confirmado,2025-03-19T12:21:41.000Z,0
68530f0684273ee85970dfe7,6852e2b9408bcbf69818d9ca,6852dbf5c4a6f8d1a81074f9,6852dbf5c4a6f8d1a81074f7,3564,Compra,572,Confirmado,2025-03-03T17:58:29.000Z,0
68530f0684273ee85970dffe,6852e2b9408bcbf69818d9ca,6852dbf5c4a6f8d1a81074f9,6852dbf5c4a6f8d1a81074f7,5403,Compra,573,Confirmado,2025-03-07T09:14:02.000Z,0
68530f0684273ee85970e02d,6852e2b9408bcbf69818d9ca,6852dbf5c4a6f8d1a81074f9,6852dbf5c4a6f8d1a81074f7,4100,Compra,574,Confirmado,2025-03-07T10:37:27.000Z,0
68530f0684273ee85970e068,6852e2b9408bcbf69818d9ca,6852dbf5c4a6f8d1a81074f9,6852dbf5c4a6f8d1a81074f7,2489,Compra,575,Confirmado,2025-03-12T10:02:56.000Z,0
68530f0684273ee85970e091,6852e2b9408bcbf69818d9ca,6852dbf5c4a6f8d1a81074f9,6852dbf5c4a6f8d1a81074f7,1388,Compra,576,Confirmado,2025-03-20T08:06:28.000Z,0
68530f0684273ee85970e0a9,6852e2b9408bcbf69818d9ca,6852dbf5c4a6f8d1a81074f9,6852dbf5c4a6f8d1a81074f7,882,Compra,577,Confirmado,2025-03-06T16:50:26.000Z,0
68530f0684273ee85970e0b3,6852e2b9408bcbf69818d9ca,6852dbf5c4a6f8d1a81074f9,6852dbf5c4a6f8d1a81074f7,802,Compra,578,Confirmado,2025-03-26T17:10:05.000Z,0
68530f0684273ee85970e0c7,6852e2b9408bcbf69818d9ca,6852dbf5c4a6f8d1a81074f9,6852dbf5c4a6f8d1a81074f7,1302,Compra,579,Confirmado,2025-03-27T09:38:13.000Z,0
68530f0684273ee85970e0de,6852e2b9408bcbf69818d9ca,6852dbf5c4a6f8d1a81074f9,6852dbf5c4a6f8d1a81074f7,1776,Compra,580,Confirmado,2025-03-25T09:38:01.000Z,0
68530f0684273ee85970e0eb,6852e2b9408bcbf69818d9ca,6852dbf5c4a6f8d1a81074f9,6852dbf5c4a6f8d1a81074f7,2850,Compra,581,Confirmado,2025-03-25T12:27:45.000Z,0
68530f0684273ee85970e0ff,6852e2b9408bcbf69818d9ca,6852dbf5c4a6f8d1a81074f9,6852dbf5c4a6f8d1a81074f7,2535,Compra,582,Confirmado,2025-03-21T13:10:30.000Z,0
68530f0684273ee85970e124,6852e2b9408bcbf69818d9ca,6852dbf5c4a6f8d1a81074f9,6852dbf5c4a6f8d1a81074f7,1811,Compra,583,Confirmado,2025-03-03T10:31:41.000Z,0
68530f0684273ee85970e144,6852e2b9408bcbf69818d9ca,6852dbf5c4a6f8d1a81074f9,6852dbf5c4a6f8d1a81074f7,679,Compra,584,Confirmado,2025-04-18T14:40:05.000Z,0
68530f0684273ee85970e14c,6852e2b9408bcbf69818d9ca,6852dbf5c4a6f8d1a81074f9,6852dbf5c4a6f8d1a81074f7,1345,Compra,585,Confirmado,2025-04-02T13:43:25.000Z,0
68530f0684273ee85970e15a,6852e2b9408bcbf69818d9ca,6852dbf5c4a6f8d1a81074f9,6852dbf5c4a6f8d1a81074f7,2072,Compra,586,Confirmado,2025-04-02T09:50:44.000Z,0
68530f0684273ee85970e17e,6852e2b9408bcbf69818d9ca,6852dbf5c4a6f8d1a81074f9,6852dbf5c4a6f8d1a81074f7,4212,Compra,587,Confirmado,2025-04-24T14:04:35.000Z,0
68530f0784273ee85970e1a3,6852e2b9408bcbf69818d9ca,6852dbf5c4a6f8d1a81074f9,6852dbf5c4a6f8d1a81074f7,1995,Compra,588,Confirmado,2025-04-11T16:00:43.000Z,0
68530f0784273ee85970e1b3,6852e2b9408bcbf69818d9ca,6852dbf5c4a6f8d1a81074f9,6852dbf5c4a6f8d1a81074f7,900,Compra,589,Confirmado,2025-04-30T12:03:18.000Z,0
68530f0784273ee85970e1bd,6852e2b9408bcbf69818d9ca,6852dbf5c4a6f8d1a81074f9,6852dbf5c4a6f8d1a81074f7,1045,Compra,590,Confirmado,2025-04-02T09:09:34.000Z,0
68530f0784273ee85970e1cd,6852e2b9408bcbf69818d9ca,6852dbf5c4a6f8d1a81074f9,6852dbf5c4a6f8d1a81074f7,3093,Compra,591,Confirmado,2025-04-23T15:50:33.000Z,0
68530f0784273ee85970e1ef,6852e2b9408bcbf69818d9ca,6852dbf5c4a6f8d1a81074f9,6852dbf5c4a6f8d1a81074f7,360,Compra,592,Confirmado,2025-04-10T15:45:07.000Z,0
68530f0784273ee85970e1f6,6852e2b9408bcbf69818d9ca,6852dbf5c4a6f8d1a81074f9,6852dbf5c4a6f8d1a81074f7,1824,Compra,593,Confirmado,2025-04-24T08:05:05.000Z,0
68530f0784273ee85970e207,6852e2b9408bcbf69818d9ca,6852dbf5c4a6f8d1a81074f9,6852dbf5c4a6f8d1a81074f7,2274,Compra,594,Confirmado,2025-04-25T08:26:53.000Z,0
68530f0784273ee85970e22c,6852e2b9408bcbf69818d9ca,6852dbf5c4a6f8d1a81074f9,6852dbf5c4a6f8d1a81074f7,1209,Compra,595,Confirmado,2025-04-16T17:42:21.000Z,0
68530f0784273ee85970e244,6852e2b9408bcbf69818d9ca,6852dbf5c4a6f8d1a81074f9,6852dbf5c4a6f8d1a81074f7,3940,Compra,596,Confirmado,2025-04-29T09:14:45.000Z,0
68530f0784273ee85970e25d,6852e2b9408bcbf69818d9ca,6852dbf5c4a6f8d1a81074f9,6852dbf5c4a6f8d1a81074f7,4788,Compra,597,Confirmado,2025-04-09T14:18:23.000Z,0
68530f0784273ee85970e287,6852e2b9408bcbf69818d9ca,6852dbf5c4a6f8d1a81074f9,6852dbf5c4a6f8d1a81074f7,1249,Compra,598,Confirmado,2025-04-10T15:25:36.000Z,0
68530f0784273ee85970e29d,6852e2b9408bcbf69818d9ca,6852dbf5c4a6f8d1a81074f9,6852dbf5c4a6f8d1a81074f7,640,Compra,599,Confirmado,2025-04-09T17:41:45.000Z,0
68530f0784273ee85970e2a8,6852e2b9408bcbf69818d9ca,6852dbf5c4a6f8d1a81074f9,6852dbf5c4a6f8d1a81074f7,1524,Compra,600,Confirmado,2025-04-22T17:38:47.000Z,0
68530f0784273ee85970e2b5,6852e2b9408bcbf69818d9ca,6852dbf5c4a6f8d1a81074f9,6852dbf5c4a6f8d1a81074f7,6282,Compra,601,Confirmado,2025-04-15T17:28:17.000Z,0
68530f0784273ee85970e2e9,6852e2b9408bcbf69818d9ca,6852dbf5c4a6f8d1a81074f9,6852dbf5c4a6f8d1a81074f7,497,Compra,602,Confirmado,2025-04-18T09:51:28.000Z,0
68530f0784273ee85970e2f1,6852e2b9408bcbf69818d9ca,6852dbf5c4a6f8d1a81074f9,6852dbf5c4a6f8d1a81074f7,1965,Compra,603,Confirmado,2025-04-09T11:08:11.000Z,0
68530f0784273ee85970e30d,6852e2b9408bcbf69818d9ca,6852dbf5c4a6f8d1a81074f9,6852dbf5c4a6f8d1a81074f7,1593,Compra,604,Confirmado,2025-04-18T09:13:44.000Z,0
68530f0784273ee85970e317,6852e2b9408bcbf69818d9ca,6852dbf5c4a6f8d1a81074f9,6852dbf5c4a6f8d1a81074f7,600,Compra,605,Confirmado,2025-04-01T15:18:10.000Z,0
68530f0784273ee85970e320,6852e2b9408bcbf69818d9ca,6852dbf5c4a6f8d1a81074f9,6852dbf5c4a6f8d1a81074f7,816,Compra,606,Confirmado,2025-04-10T13:23:55.000Z,0
68530f0784273ee85970e32d,6852e2b9408bcbf69818d9ca,6852dbf5c4a6f8d1a81074f9,6852dbf5c4a6f8d1a81074f7,3979,Compra,607,Confirmado,2025-04-21T09:12:36.000Z,0
68530f0784273ee85970e34d,6852e2b9408bcbf69818d9ca,6852dbf5c4a6f8d1a81074f9,6852dbf5c4a6f8d1a81074f7,1662,Compra,608,Confirmado,2025-04-11T16:34:01.000Z,0
68530f0784273ee85970e362,6852e2b9408bcbf69818d9ca,6852dbf5c4a6f8d1a81074f9,6852dbf5c4a6f8d1a81074f7,1864,Compra,609,Confirmado,2025-04-11T14:21:16.000Z,0
68530f0784273ee85970e379,6852e2b9408bcbf69818d9ca,6852dbf5c4a6f8d1a81074f9,6852dbf5c4a6f8d1a81074f7,1114,Compra,610,Confirmado,2025-04-14T10:46:07.000Z,0
68530f0784273ee85970e38a,6852e2b9408bcbf69818d9ca,6852dbf5c4a6f8d1a81074f9,6852dbf5c4a6f8d1a81074f7,928,Compra,611,Confirmado,2025-04-21T10:14:56.000Z,0
68530f0784273ee85970e39b,6852e2b9408bcbf69818d9ca,6852dbf5c4a6f8d1a81074f9,6852dbf5c4a6f8d1a81074f7,2210,Compra,612,Confirmado,2025-04-17T09:08:50.000Z,0
68530f0784273ee85970e3a9,6852e2b9408bcbf69818d9ca,6852dbf5c4a6f8d1a81074f9,6852dbf5c4a6f8d1a81074f7,1665,Compra,613,Confirmado,2025-04-03T11:18:00.000Z,0
68530f0784273ee85970e3c3,6852e2b9408bcbf69818d9ca,6852dbf5c4a6f8d1a81074f9,6852dbf5c4a6f8d1a81074f7,2143,Compra,614,Confirmado,2025-04-28T12:36:34.000Z,0
68530f0784273ee85970e3e4,6852e2b9408bcbf69818d9ca,6852dbf5c4a6f8d1a81074f9,6852dbf5c4a6f8d1a81074f7,2635,Compra,615,Confirmado,2025-04-08T15:07:01.000Z,0
68530f0784273ee85970e3f5,6852e2b9408bcbf69818d9ca,6852dbf5c4a6f8d1a81074f9,6852dbf5c4a6f8d1a81074f7,2904,Compra,616,Confirmado,2025-04-16T12:09:23.000Z,0
68530f0784273ee85970e40e,6852e2b9408bcbf69818d9ca,6852dbf5c4a6f8d1a81074f9,6852dbf5c4a6f8d1a81074f7,1108,Compra,617,Confirmado,2025-04-18T16:59:46.000Z,0
68530f0784273ee85970e41d,6852e2b9408bcbf69818d9ca,6852dbf5c4a6f8d1a81074f9,6852dbf5c4a6f8d1a81074f7,1560,Compra,618,Confirmado,2025-04-08T13:02:42.000Z,0
68530f0784273ee85970e428,6852e2b9408bcbf69818d9ca,6852dbf5c4a6f8d1a81074f9,6852dbf5c4a6f8d1a81074f7,4578,Compra,619,Confirmado,2025-04-01T11:42:34.000Z,0
68530f0784273ee85970e449,6852e2b9408bcbf69818d9ca,6852dbf5c4a6f8d1a81074f9,6852dbf5c4a6f8d1a81074f7,830,Compra,620,Confirmado,2025-04-24T08:31:28.000Z,0
68530f0784273ee85970e454,6852e2b9408bcbf69818d9ca,6852dbf5c4a6f8d1a81074f9,6852dbf5c4a6f8d1a81074f7,5810,Compra,621,Confirmado,2025-04-21T17:59:16.000Z,0
68530f0784273ee85970e483,6852e2b9408bcbf69818d9ca,6852dbf5c4a6f8d1a81074f9,6852dbf5c4a6f8d1a81074f7,950,Compra,622,Confirmado,2025-04-16T13:01:56.000Z,0
68530f0784273ee85970e48e,6852e2b9408bcbf69818d9ca,6852dbf5c4a6f8d1a81074f9,6852dbf5c4a6f8d1a81074f7,3019,Compra,623,Confirmado,2025-04-29T08:23:16.000Z,0
68530f0784273ee85970e4a8,6852e2b9408bcbf69818d9ca,6852dbf5c4a6f8d1a81074f9,6852dbf5c4a6f8d1a81074f7,438,Compra,624,Confirmado,2025-04-23T09:56:08.000Z,0
68530f0784273ee85970e4af,6852e2b9408bcbf69818d9ca,6852dbf5c4a6f8d1a81074f9,6852dbf5c4a6f8d1a81074f7,1734,Compra,625,Confirmado,2025-04-30T10:52:00.000Z,0
68530f0784273ee85970e4c6,6852e2b9408bcbf69818d9ca,6852dbf5c4a6f8d1a81074f9,6852dbf5c4a6f8d1a81074f7,371,Compra,626,Confirmado,2025-04-03T17:20:26.000Z,0
68530f0784273ee85970e4ce,6852e2b9408bcbf69818d9ca,6852dbf5c4a6f8d1a81074f9,6852dbf5c4a6f8d1a81074f7,259,Compra,627,Confirmado,2025-04-17T14:24:49.000Z,0
68530f0784273ee85970e4d6,6852e2b9408bcbf69818d9ca,6852dbf5c4a6f8d1a81074f9,6852dbf5c4a6f8d1a81074f7,2786,Compra,628,Confirmado,2025-04-22T10:29:58.000Z,0
68530f0784273ee85970e4ed,6852e2b9408bcbf69818d9ca,6852dbf5c4a6f8d1a81074f9,6852dbf5c4a6f8d1a81074f7,715,Compra,629,Confirmado,2025-04-02T12:56:11.000Z,0
68530f0784273ee85970e4fb,6852e2b9408bcbf69818d9ca,6852dbf5c4a6f8d1a81074f9,6852dbf5c4a6f8d1a81074f7,2467,Compra,630,Confirmado,2025-04-15T11:38:17.000Z,0
68530f0784273ee85970e51d,6852e2b9408bcbf69818d9ca,6852dbf5c4a6f8d1a81074f9,6852dbf5c4a6f8d1a81074f7,1104,Compra,631,Confirmado,2025-04-01T10:29:47.000Z,0
68530f0784273ee85970e52a,6852e2b9408bcbf69818d9ca,6852dbf5c4a6f8d1a81074f9,6852dbf5c4a6f8d1a81074f7,2739,Compra,632,Confirmado,2025-04-15T16:43:14.000Z,0
68530f0784273ee85970e54e,6852e2b9408bcbf69818d9ca,6852dbf5c4a6f8d1a81074f9,6852dbf5c4a6f8d1a81074f7,3056,Compra,633,Confirmado,2025-04-25T17:02:37.000Z,0
68530f0784273ee85970e56f,6852e2b9408bcbf69818d9ca,6852dbf5c4a6f8d1a81074f9,6852dbf5c4a6f8d1a81074f7,2077,Compra,634,Confirmado,2025-04-07T17:37:45.000Z,0
68530f0784273ee85970e58b,6852e2b9408bcbf69818d9ca,6852dbf5c4a6f8d1a81074f9,6852dbf5c4a6f8d1a81074f7,1926,Compra,635,Confirmado,2025-04-15T12:06:11.000Z,0
68530f0784273ee85970e5a4,6852e2b9408bcbf69818d9ca,6852dbf5c4a6f8d1a81074f9,6852dbf5c4a6f8d1a81074f7,658,Compra,636,Confirmado,2025-04-30T15:54:37.000Z,0
68530f0784273ee85970e5b3,6852e2b9408bcbf69818d9ca,6852dbf5c4a6f8d1a81074f9,6852dbf5c4a6f8d1a81074f7,1764,Compra,637,Confirmado,2025-04-15T17:27:32.000Z,0
68530f0784273ee85970e5c6,6852e2b9408bcbf69818d9ca,6852dbf5c4a6f8d1a81074f9,6852dbf5c4a6f8d1a81074f7,810,Compra,638,Confirmado,2025-04-21T12:20:20.000Z,0
68530f0784273ee85970e5d1,6852e2b9408bcbf69818d9ca,6852dbf5c4a6f8d1a81074f9,6852dbf5c4a6f8d1a81074f7,1925,Compra,639,Confirmado,2025-04-23T14:41:37.000Z,0
68530f0784273ee85970e5e9,6852e2b9408bcbf69818d9ca,6852dbf5c4a6f8d1a81074f9,6852dbf5c4a6f8d1a81074f7,1368,Compra,640,Confirmado,2025-04-04T12:34:15.000Z,0
68530f0784273ee85970e5fe,6852e2b9408bcbf69818d9ca,6852dbf5c4a6f8d1a81074f9,6852dbf5c4a6f8d1a81074f7,2202,Compra,641,Confirmado,2025-04-25T16:15:52.000Z,0
68530f0784273ee85970e624,6852e2b9408bcbf69818d9ca,6852dbf5c4a6f8d1a81074f9,6852dbf5c4a6f8d1a81074f7,2127,Compra,642,Confirmado,2025-04-07T13:41:24.000Z,0
68530f0784273ee85970e643,6852e2b9408bcbf69818d9ca,6852dbf5c4a6f8d1a81074f9,6852dbf5c4a6f8d1a81074f7,1330,Compra,643,Confirmado,2025-04-28T10:37:19.000Z,0
